GEM plant ID,Plant name (English),Owner,Country/area,Region,Latitude,Longitude,Capacity (ttpa),Plant age,distance_to_litpop_km,litpop_asset_value,litpop_value_50km
P100001045296,Action Ispat and Power Jharsuguda steel plant,Action Ispat and Power Pvt Ltd,India,Asia Pacific,21.839759,83.982227,375.0,,4.629909798368542,645075019.3542067,10881255868.230427
P100001025815,Adhunik Metaliks Kuanrmunda steel plant,Adhunik Metaliks Ltd,India,Asia Pacific,22.308371,84.763584,500.0,22.81,3.4346769031056885,721177173.7528095,10059622581.38454
P100000120644,Aichi Steel Chita plant (Tokai),Aichi Steel Corp,Japan,Asia Pacific,35.044558,136.900772,1495.0,83.0,5.2500946996512186,110186877555.41345,2355302210489.7534
P100000120163,Angang Group Xinyang Iron and Steel Co Ltd,"Xinyang Iron & Steel Co.,ltd of Angang Group",China,Asia Pacific,32.488704,114.038243,3600.0,55.0,3.39230213234901,382250327.83036226,25489388081.02884
P100000120089,Angang Lianzhong Stainless Steel Co Ltd,Angang Lianzhong Stainless Steel Corp,China,Asia Pacific,23.126822,113.505817,1900.0,25.0,3.671571994215557,23605391215.706425,2328775890523.6787
P100000120219,Angang Steel Co Ltd,Angang Steel Co Ltd,China,Asia Pacific,41.148267,122.983054,20650.0,27.43,3.3135165743109662,44422407772.444046,209691864102.5174
P100000120220,Angang Steel Co Ltd Bayuquan branch,Angang Steel Co Ltd,China,Asia Pacific,40.308494,122.13079,7500.0,20.0,1.934468068348785,6209926726.154055,69944054475.54517
P100000120070,Anhui Changjiang Steel Co Ltd,Anhui Changjiang Steel Co Ltd,China,Asia Pacific,31.502272,118.465162,3800.0,23.0,4.4280500581230315,2369022303.7466125,189221571196.00693
P100000120071,Anhui Guihang Special Steel Co Ltd,Anhui Guihang Special Steel Co Ltd,China,Asia Pacific,30.531068,117.251147,2700.0,15.89,4.055693196107127,189683194.67400867,40844703067.460754
P100000120391,Anhui Jin an Stainless Steel Casting Co Ltd,Anhui Jin'an Stainless Steel Foundry Co Ltd,China,Asia Pacific,31.763956,115.924372,500.0,4.0,4.449717583599526,413630926.1177371,3672842030.7683444
P100000120417,Anhui Jingxian Longxin Iron and Steel Co Ltd,Anhui Jingxian Longxin Iron and Steel Co Ltd,China,Asia Pacific,30.709058,118.436638,500.0,18.0,2.075694470832129,271114715.91688704,17379047760.864864
P100000120402,Anhui Langxi Hongtai Iron and Steel Co Ltd,Anhui Langxi County Fuhang Steel Co Ltd,China,Asia Pacific,31.246635,119.120443,1000.0,24.0,4.280936338794981,86904812.1034762,38415562720.60706
P100001025923,Anhui Lixin Special Steel Co Ltd,"Guangde Xinyuanda Metal Products Co., Ltd. Co Ltd",China,Asia Pacific,31.0494162,119.5296269,500.0,14.24,1.4346207475889654,60598213.36689451,83715068782.64464
P100000120313,Anhui Shoukuang Dachang Metal Material Co Ltd,Anhui Shoukuang Dachang Metal Material Co Ltd,China,Asia Pacific,32.329171,115.954963,3000.0,16.0,4.182302137654248,26192474.427464876,13012378609.377192
P100000120231,Anshan Baode Iron and Steel Co Ltd,Anshan Baode Iron & Steel Co Ltd,China,Asia Pacific,41.173613,122.945501,1800.0,26.73,4.0072630790867105,4381066890.384275,210015701176.18738
P100000120221,Ansteel Group Chaoyang Steel and Iron Co Ltd,Angang Steel Co Ltd,China,Asia Pacific,41.528945,120.369983,2100.0,18.59,1.474934287887536,3344426880.8404565,24252453963.630093
P100000120170,Anyang Huixin Special Steel Co Ltd,Anyang Huixin Special Steel Co Ltd,China,Asia Pacific,36.152418,114.15839,,21.0,4.276141181870941,3691623504.775808,127918562473.73918
P100000120160,Anyang Iron and Steel Co Ltd,Anyang Iron & Steel Co Ltd,China,Asia Pacific,36.122129,114.283145,0.0,68.0,0.8293028583503114,17037663839.757977,154993315481.78342
P100000120166,Anyang Xinpu Steel Co Ltd,Anyang Xinpu Steel Co Ltd,China,Asia Pacific,36.163203,114.296223,,20.41,4.267636368725959,17037663839.757977,155509439119.41663
P100000120532,ArcelorMittal Bellary steel plant,ArcelorMittal SA,India,Asia Pacific,15.139498,76.918417,,,4.57783916596781,490816268.93993175,7118445911.73411
P100001025671,ArcelorMittal Nippon Steel Anakapalle steel plant,ArcelorMittal Nippon Steel India Ltd,India,Asia Pacific,17.407103,82.723183,,,3.9020001660214367,114947781.09143434,9811665451.947588
P100001025669,ArcelorMittal Nippon Steel Gadchiroli steel plant,ArcelorMittal Nippon Steel India Ltd,India,Asia Pacific,20.168486,79.987119,,,5.353243705406725,36499350.191805646,569017553.9340441
P100000120513,ArcelorMittal Nippon Steel Hazira plant,ArcelorMittal Nippon Steel India Ltd,India,Asia Pacific,21.112377,72.647304,9600.0,31.0,2.706011973059551,3529225319.3115263,30948842203.04615
P100000120573,ArcelorMittal Nippon Steel Kendrapara plant,ArcelorMittal Nippon Steel India Ltd,India,Asia Pacific,20.71042,86.282806,,,0.950359509188043,163832705.0805086,26025647191.04051
P100000121178,ArcelorMittal Nippon Steel Paradip plant,ArcelorMittal Nippon Steel India Ltd,India,Asia Pacific,20.284771,86.658266,,,3.5532419354518154,1296918868.074968,6042407717.473298
P100000120568,Arjas Steel Tadipatri plant,Arjas Steel Pvt Ltd,India,Asia Pacific,14.873471,78.048425,1005.0,13.3,0.7459444056556344,216622786.99645334,2349689099.247747
P100000120564,Atibir Industries Bhorandiha steel plant,Atibir Industries Co Ltd,India,Asia Pacific,24.145239,86.334999,0.0,17.0,4.641210419430883,510655890.86209947,49365304380.105705
P100000120384,Baicheng Fuda Bar Rolling Co Ltd,Baicheng Fuda Bar Rolling Co Ltd,China,Asia Pacific,45.593303,122.895588,788.0,16.31,3.8713190160247324,4030918213.477184,10999663034.44302
P100001023581,Baldota Koppal steel plant,Baldota Steel and Power Ltd,India,Asia Pacific,15.332616,76.206778,,0.0,4.5564120576102765,185356174.34875867,6129281055.262092
P100000120256,Baoshan Iron and Steel Co Ltd Headquarters,Baoshan Iron & Steel Co Ltd,China,Asia Pacific,31.41623,121.440087,19800.0,49.0,4.900770908949886,72345769161.90762,2692492306776.8086
P100000120336,Baosteel Desheng Stainless Steel Co Ltd,Baosteel Desheng Stainless Steel Co Ltd,China,Asia Pacific,26.48747,119.654461,3220.0,15.0,6.2649805208647456,53661889.35483706,26042658674.23849
P100000120289,Baosteel Group Xinjiang Bayi Iron and Steel Co Ltd,Baosteel Group Xinjiang Bayi Iron & Steel Co Ltd,China,Asia Pacific,43.852147,87.304639,7300.0,30.34,2.7457203596496,931469524.817334,361880986497.6777
P100000120257,Baosteel Special Steel Co Ltd,Baosteel Special Metals Co Ltd,China,Asia Pacific,31.379422,121.484652,,65.41,2.546448361863095,72345769161.90762,2736540205241.171
P100000120085,Baosteel Zhanjiang Iron and Steel Co Ltd,Baosteel Zhanjiang Iron & Steel Co Ltd,China,Asia Pacific,21.056035,110.48657,14328.0,15.0,3.337527518081368,1178377706.3453572,45043420848.915
P100000121076,Baotou Baoxin Special Steel Co Ltd,Baotou Baoxin Special Steel Co Ltd,China,Asia Pacific,41.362925,110.988771,,17.39,2.8730216295858675,883833.8895358075,158577491.19974533
P100000121143,Baotou Da'an Iron and Steel Co Ltd Kundulun District,Baotou DA AN IRON&STEEL Co Ltd,China,Asia Pacific,40.715119,109.821653,,,2.6376480439346204,16316239267.774508,172420310761.41986
P100000120186,Baotou Daan Iron and Steel Co Ltd Hondlon District,Baotou DA AN IRON&STEEL Co Ltd,China,Asia Pacific,40.662343,109.698333,,22.81,4.237208706216256,563557793.4713724,172336884220.31696
P100000121142,Baotou Deshun Special Steel Co Ltd,Baotou Deshun Spec. Steel Co Ltd,China,Asia Pacific,40.9019,110.336253,,18.9,4.4222056413816695,1018690.4685914837,113520539124.16762
P100000120172,Baowu Group Echeng Iron and Steel Co Ltd,Baowu Group Echeng Iron & Steel Co Ltd,China,Asia Pacific,30.39574,114.861313,4971.0,68.0,2.65370058528345,14250230836.869875,306722460405.3967
P100000120223,Bengang Steel Plates Co Ltd,Bengang Steel Plates Co Ltd,China,Asia Pacific,41.274132,123.722099,12400.0,28.65,2.263767432779187,10302505895.931911,105905416420.2977
P100000120224,Benxi Beiying Iron and Steel Group Co Ltd Beitai Town,Benxi Beiying Iron & Steel (GROUP) Co Ltd,China,Asia Pacific,41.224814,123.608374,2600.0,23.88,2.300484556328499,423489077.5911907,161088955029.0114
P100001062088,Bhagyalaxmi Metals Mul steel plant,Bhagyalaxmi Metals Pvt Ltd,India,Asia Pacific,20.088919,79.71792,,,4.135018520071528,20100548.68457569,1988518197.7976384
P100000120512,BMM Ispat Danapur steel plant,BMM Ispat Ltd,India,Asia Pacific,15.16972,76.37971,2208.0,20.0,4.323253166412142,326466748.184155,7882306184.527622
P100001061667,BPA Metallics Raigarh steel plant,BPA Metallics Pvt Ltd,India,Asia Pacific,21.926993,83.374089,,,3.4861521558449917,400367384.08294696,8758336697.083927
P100000120125,Cangzhou China Railway Equipment Manufacture Material Co Ltd,Cangzhou China Railway Equipment Manufacturing Materials Co Ltd,China,Asia Pacific,38.289221,117.814367,7500.0,20.0,1.9997405742411747,477468708.0493724,13751660752.37654
P100000120385,Cangzhou Lingang Sanling Metal Co Ltd,Cangzhou Lingang Sanling Metal Co Ltd,China,Asia Pacific,38.311738,117.457779,1000.0,31.0,2.2323541934157154,90759574.23978685,33384576831.26575
P100001082544,Captain Steel Debipur steel plant,Captain Steel India Ltd,India,Asia Pacific,23.782149607591688,86.83591234561024,208.0,4.0,4.115518237278131,3502964540.9216847,112415846017.1715
P100001023577,Captain Steel Garbeta steel plant,Captain Steel India Ltd,India,Asia Pacific,22.855859,87.345018,,0.0,3.737166333717496,218626361.52550003,10598083019.599182
P100001064089,Changli Xingguo Precision Machinery Co Ltd,Changli Xingguo Precision Machinery Co Ltd,China,Asia Pacific,39.704921,118.897417,0.0,30.47,1.95484221418347,853581286.6142415,64521148224.11561
P100000120194,Changshu Longteng Special Steel Co Ltd,Changshu Longteng Special Steel Co Ltd,China,Asia Pacific,31.723833,120.835685,3203.0,31.75,4.098751288423972,9736930825.62187,943790192308.3676
P100000120265,Changzhi Xingbao Steel Co Ltd,Lucheng Xingbao Iron & Steel Co Ltd,China,Asia Pacific,36.332449,113.15509,1900.0,22.85,5.2757247809853896,2719454994.077153,64949971438.52852
P100000120201,Changzhou Eastern Special Steel Co Ltd,Changzhou Dongfang Special Steel Co Ltd,China,Asia Pacific,31.602554,119.724256,3300.0,16.09,2.9159584460220476,1518567272.309646,514298732443.4122
P100000120105,Chengde Iron and Steel Group Co Ltd,Chengde Street Ltd,China,Asia Pacific,40.947707,117.719747,8000.0,72.0,1.5214853232065078,896245650.7992102,18847781998.26688
P100000120123,Chengde Jianlong Special Steel Co Ltd,Chengde Jianlong SPECIAL Steel Co Ltd,China,Asia Pacific,40.515035,117.596071,4400.0,25.0,3.840234408819619,277866579.7444777,7243348596.132714
P100000120154,Chengde Shengfeng Iron and Steel Co Ltd,Chengde Shengfeng Iron & Steel Co Ltd,China,Asia Pacific,40.622466,118.490845,,17.0,2.758321136375455,714450516.0938448,5229878713.764726
P100000120153,Chengde Zhaofeng Steel Group Co Ltd,Chengde Zhaofeng Steel Group Co Ltd,China,Asia Pacific,40.593875,118.633334,,19.0,3.5317212855705606,25938154.368309747,4702780046.307758
P100000120329,Chengdu Changfeng Iron and Steel Group Co Ltd,Chengdu Changfeng Steel Group Co Ltd,China,Asia Pacific,31.031921,103.672956,1500.0,56.0,3.5405253586582166,846260426.3465284,230977040657.49817
P100000120279,Chengyu Vanadium and Titanium Technology Co Ltd,Chengyu Vanadium & Titanium Technology Co Ltd,China,Asia Pacific,29.732143,104.504339,4050.0,19.46,4.472458161908064,69319122.10205877,33101993302.919178
P100000120183,Chifeng Yuanlian Steel Co Ltd,Chifeng Yuanlian Steel Co Ltd,China,Asia Pacific,42.278115,119.015289,2450.0,23.53,2.641811181200093,1995635766.3421109,40307175135.176575
P100000120327,Chifeng Zhongtang Special Steel Co Ltd,Chifeng Zhongtang Special Steel Co Ltd,China,Asia Pacific,41.834064,119.281883,2700.0,4.0,4.623437123174569,14520160.651008502,7498429949.600115
P100000121041,Chizhou Guichi Guihang Metal Products Co Ltd,Chizhou Guichi Guihang Metal Products Co Ltd,China,Asia Pacific,30.532786,117.25166,1000.0,26.0,3.9567278594896065,189683194.67400867,40844703067.460754
P100000120286,Chongli Steel Manufacturing Co Ltd,Chongli Steel Manufacturing Co Ltd,China,Asia Pacific,36.602468,113.755744,,14.0,4.069039732149159,475205331.7791578,36771970617.06509
P100000120074,Chongqing Iron and Steel Co Ltd,Chongqing Iron & Steel Co Ltd,China,Asia Pacific,29.790253,107.040368,8400.0,29.0,0.20103502426437142,3087923383.6047015,66908346212.95494
P100001064274,Chongqing Pengcheng Steel Co Ltd,Chongqing Pengcheng Steel Co Ltd,China,Asia Pacific,29.259699,106.214031,520.0,27.67,3.5973445531032415,3649329774.430953,377201250887.2683
P100000120409,Chongqing Yonghang Steel Group Co Ltd,Chongqing Yonghang Steel Group Co Ltd,China,Asia Pacific,29.836163,106.988138,700.0,23.0,5.187559200553067,476620864.0503676,117090028521.12021
P100001064279,Chongqing Yuxi Iron & Steel (Group) Co Ltd,Chongqing Yuxi Iron & Steel (Group) Co Ltd,China,Asia Pacific,29.488759,105.862658,260.0,25.97,3.5879463889204746,157576554.0679347,72402307274.01082
P100000120317,Chongqing Zuhang Iron and Steel Co Ltd,Chongqing Zuhang Steel Co Ltd,China,Asia Pacific,29.440056,105.741929,,18.0,3.8356713172209638,419108487.0652244,40302504422.14738
P100000120683,Chubu Steel Plate Nagoya plant,Chubu Steel Plate Co Ltd,Japan,Asia Pacific,35.118836,136.867567,800.0,67.0,0.9627021490314172,176716694372.9768,2357097520684.2573
P100001045282,Crest Steel and Power Mangatta steel plant,Crest Steel and Power Pvt Ltd,India,Asia Pacific,21.190313,81.19922,96.0,21.13,2.215333182207123,1306781871.7744355,30143371786.553913
P100000120645,Daido Steel Chita plant (Tokai),Daido Steel Co Ltd,Japan,Asia Pacific,35.016404,136.864744,1500.0,64.0,6.524409145870853,27104407629.54368,2327029881355.0083
P100000120202,Danyang Longjiang Steel Co Ltd,Danyang Longjiang Steel Co Ltd,China,Asia Pacific,32.027791,119.57706,1500.0,22.59,3.67577287637382,5805245295.940704,479799462968.5741
P100000120376,Daye Huaxin Industrial Co Ltd,Daye Huaxin Industrial Co Ltd,China,Asia Pacific,30.070219,114.926251,,23.0,4.4287441690084055,1002488417.5250294,89934417378.5388
P100000120173,Daye Special Steel Co Ltd,Daye SPECIAL Steel Co Ltd,China,Asia Pacific,30.204603,115.125838,3420.0,19.0,0.42253850947874344,5065987125.999837,93634166914.67557
P100000121072,Daye Xinye Special Steel Co Ltd,natural person(s); Hubei Xinxin Steel Group Co Ltd,China,Asia Pacific,30.067469,114.934091,1200.0,26.0,3.6980349216496267,1002488417.5250294,89934417378.5388
P100000120121,Delong Steel Co Ltd,DELONG Steel Ltd,China,Asia Pacific,37.086116,114.384832,3000.0,26.0,4.410741225616337,676290293.567939,113132579451.10545
P100000120227,Dongbei Special Steel Group Dalian Special Steel Co Ltd,Dongbei Special Steel Group Dalian Special Steel Co Ltd,China,Asia Pacific,39.193697,122.057788,2695.0,57.0,2.1397327453039665,278283618.2820494,110293807549.42218
P100001063403,Dongyuan Dongnan Industrial Co Ltd,Dongyuan Dongnan Industrial Co Ltd,China,Asia Pacific,24.038397,114.873435,720.0,16.89,0.39678842888437027,24627219.044078365,24861513268.424088
P100000120534,Electrosteel Bokaro steel plant,ESL Steel Ltd,India,Asia Pacific,23.632907,86.293671,1500.0,20.0,0.9026165625870894,1365011682.389793,67852373916.12887
P100000121207,Electrosteel Castings Srikalahasthi steel plant,Electrosteel Castings Ltd,India,Asia Pacific,13.717188,79.630588,0.0,32.0,1.1549090653924212,142335900.08133274,8040276716.979144
P100000121195,Evonith Metallics Wardha steel plant,Evonith Metallics Ltd,India,Asia Pacific,20.704605,78.620293,0.0,32.0,0.6415319798509546,428413959.05805874,3247581679.3047676
P100000121236,Evonith Value Steel Wardha steel plant,Evonith Metallics Ltd,India,Asia Pacific,20.696412,78.638548,1080.0,56.0,1.9346896023662055,428413959.05805874,3248788375.400606
P100000120177,Ezhou Hongtai Steel Co Ltd,Ezhou Hongtai Steel Co Ltd,China,Asia Pacific,30.532352,114.747597,,22.75,3.9004061516209076,1723280956.9704273,726604271945.3484
P100000120371,Fangchenggang Jinxi Steel Technology Co Ltd,Fangchenggang Jinxi Steel Technology Co Ltd,China,Asia Pacific,21.646525,108.369582,,,6.895537251337917,954514098.9683073,13057103208.650103
P100000120211,Fangda Special Steel Technology Co Ltd,Fangda Special Steel Technology Co Ltd,China,Asia Pacific,28.645441,115.99204,2800.0,67.55,3.9984512064378195,30850521591.191532,298976871181.5577
P100001063598,Fengshun Changsheng Special Steel Casting Co Ltd Qingyuan Branch,Fengshun Changsheng Precision Steel Casting Co Ltd,China,Asia Pacific,23.507015,112.953822,620.0,17.0,3.8804448652888928,1746497357.0257854,689650406949.0117
P100001063602,Fengshun County Agricultural Machinery Continuous Casting Co,Fengshun County Agricultural Machinery Continuous Casting Co,China,Asia Pacific,23.748318,116.13985,720.0,22.85,4.696044900969362,453215982.2079722,185724025736.5404
P100001063619,Fengshun County Dongfang Metal Continuous Casting Co Ltd,Fengshun County Dongfang Metal Casting Co Ltd,China,Asia Pacific,23.749104,116.138262,930.0,22.6,4.730226968152831,453215982.2079722,185724025736.5404
P100001063490,Fengshun County Hongbao Industrial Co Ltd,Fengshun County Hongbao Industrial Co Ltd,China,Asia Pacific,23.720136,115.949449,720.0,32.93,1.593883753101886,1404595.2279711333,109635194345.66838
P100001063483,Fengshun Yongshun Continuous Casting Plant,Fengshun Yongshun Continuous Casting Plant,China,Asia Pacific,23.747173,116.126241,720.0,19.27,4.320621466464098,453215982.2079722,174623791837.72952
P100001062842,"Fogang Dawei Special Steel Co., Ltd.",Fogang Dawei Special Steel Co Ltd,China,Asia Pacific,23.893972,113.500829,575.0,14.29,4.657260078800414,794462578.72561,38091034921.25903
P100000120345,Fujian Dadonghai Industrial Group Co Ltd plant,Fujian Great Dong Hai Industrial Group Co Ltd,China,Asia Pacific,25.737777,119.592239,5128.0,8.0,6.031963770780705,548350467.9412751,101362036478.68416
P100000120314,Fujian Dingsheng Iron and Steel Co Ltd,Fujian Dingsheng Steel Co Ltd,China,Asia Pacific,27.224477,120.328828,1726.0,8.0,4.0896827055530585,65973740.548705816,63582759550.28588
P100000121065,Fujian Dingxin Industrial Co Ltd,Fujian Dingxin Industry Co Ltd,China,Asia Pacific,26.7695,119.738519,600.0,18.0,7.432683558852185,11794218.386546498,13086748509.650484
P100000120416,Fujian Fuhua New Materials Group Co Ltd,Mindong Saiqi Economic Development Zone Fuhua Steel Rolling Co Ltd,China,Asia Pacific,26.961516,119.654272,,27.0,2.9226733153187996,283759824.5657374,11697363682.34901
P100000121066,Fujian Fuxin Special Steel Co Ltd,Fujian Fuxin Special Steel Co Ltd,China,Asia Pacific,24.472439,117.94885,720.0,19.0,7.75733421329205,17250077612.688942,295552753546.09393
P100001064195,Fujian Hongfeng Industrial Group Co Ltd,Fujian Hongfeng Industrial Group Co Ltd,China,Asia Pacific,26.868423,117.776369,1000.0,26.5,1.684395317072862,29883675.310433295,2685683751.0136914
P100000120413,Fujian Longgang New Materials Co Ltd,Fujian Longgang New Materials Co Ltd,China,Asia Pacific,25.357408,117.362096,1210.0,,2.3467972138462585,81212030.76822813,15934914909.597748
P100000120080,Fujian Luoyuan Minguang Iron and Steel Co Ltd,Fujian Luoyuan Minguang Iron & Steel Co Ltd,China,Asia Pacific,26.483815,119.67105,2650.0,12.0,4.6690941007973175,53661889.35483706,26038092651.272423
P100000120392,Fujian Qingtuo New Material Co Ltd,Fujian Qingtuo New Material Co Ltd,China,Asia Pacific,26.779301,119.767935,958.0,3.0,9.86406754303144,11794218.386546498,13257477701.665466
P100000120077,Fujian Quanzhou Minguang Iron and Steel Co Ltd,Fujian San'an Iron & Steel Co Ltd,China,Asia Pacific,25.244396,118.029905,2300.0,25.0,4.180877723570719,1080493062.2097301,41726696314.58181
P100000120078,Fujian Sanbao Steel Co Ltd,Fujian Sanbao Steel Co Ltd,China,Asia Pacific,24.635769,117.603677,6196.0,27.0,2.4655939800913433,1437201755.3926136,115508727979.29546
P100000120081,Fujian Tsingtuo Nickel Industry Co Ltd,Fujian Tsingtuo Nickel Industry Co Ltd,China,Asia Pacific,26.768925,119.765203,3000.0,15.0,8.791308456095676,11794218.386546498,13144509107.059135
P100000121064,Fujian Wuhang Stainless Steel Products Co Ltd,Fujian Wuhang Stainless Steel Products Co Ltd,China,Asia Pacific,25.95923,119.452018,2000.0,33.0,0.6392078316170705,6512786661.363352,170857709880.66248
P100000120079,Fujian Yixin Steel Co Ltd,Fujian Yixin Steel & Iron Co Ltd,China,Asia Pacific,26.491308,119.63624,,20.0,5.710215496299481,136966250.464103,26055965029.36233
P100000120351,Fushun Hanking Direct Reduced Iron Co Ltd,Fushun HANWANG Direct Reduced Iron Co Ltd,China,Asia Pacific,41.670998,123.85143,0.0,23.5,4.5897047061943175,26636182.46122891,692568383513.6499
P100000120226,Fushun New Steel Co Ltd,Fushun New Steel Corp Ltd,China,Asia Pacific,41.841223,123.753895,2700.0,20.36,4.887916141922941,8540543698.927486,691419316982.7649
P100000120228,Fushun Special Steel Co Ltd,Fushun Special Steel Co Ltd,China,Asia Pacific,41.838774,123.806586,999.0,89.0,4.2133962393285795,8540543698.927486,689322982665.9587
P100000120358,Fuzhou Wuhang Steel Products Co Ltd,Fuzhou Wuhang Steel Products Co Ltd,China,Asia Pacific,25.995101,119.495725,2000.0,5.0,5.539435150856666,6512786661.363352,167653653064.64444
P100001045317,Gallantt Ispat Gorakhpur steel plant,Gallantt Ispat Ltd,India,Asia Pacific,26.757009,83.199086,528.0,32.0,3.961589838759352,881769082.2374166,55576355785.79361
P100000120082,Gansu Jiu Steel Group Hongxing Iron and Steel Co Ltd,Gansu Jiu Steel Group Hongxing Iron and Steel Co Ltd,China,Asia Pacific,39.812121,98.295555,7650.0,27.0,2.298545515398191,7871975322.062651,18345157651.98639
P100000121216,Godawari Power and Ispat Sarora steel plant,Godawari Power and Ispat Ltd,India,Asia Pacific,21.565032,81.739447,,,4.13572007430637,163771660.80845988,40422922510.34091
P100000120557,Godawari Power and Ispat Siltara steel plant,Godawari Power and Ispat Ltd,India,Asia Pacific,21.376214,81.681888,659.0,25.0,2.741632041328179,1676028759.8407507,50785127126.871574
P100000120676,Godo Steel Funabashi Works,Godo Steel Ltd,Japan,Asia Pacific,35.697541,139.964104,700.0,51.0,1.3082963630653028,191396112118.6579,10078809252202.771
P100000120675,Godo Steel Himeji Works,Godo Steel Ltd,Japan,Asia Pacific,34.783057,134.669411,500.0,48.0,3.6811192389735576,12333371034.581137,448034433008.269
P100000120674,Godo Steel Osaka Works,Godo Steel Ltd,Japan,Asia Pacific,34.693045,135.428537,500.0,89.0,3.2108580424770508,324278211589.9782,4408061701429.315
P100001063538,Guangdong Daxing Iron & Steel Industrial Co Ltd,Guangdong Daxing Iron & Steel Industrial Co Ltd,China,Asia Pacific,23.529158,116.329247,720.0,26.52,4.075799026504557,13690835436.783312,577955812174.6229
P100001063264,Guangdong Fogang Jincheng Metal Products Co Ltd,Guangdong Fogang Jincheng Metal Products Co Ltd,China,Asia Pacific,23.741965,113.502168,500.0,21.98,5.491126630707885,92889374.35438424,104746357578.09418
P100000120087,Guangdong Guangqing Metal Technology Co Ltd,Guangdong Guangqing METAL Technology Co Ltd,China,Asia Pacific,21.697069,111.848841,2040.0,16.0,8.457397153224388,546325381.749661,18092619931.191082
P100001063170,Guangdong Guixin Steel Co Ltd,Guangdong Guixin Steel Co Ltd,China,Asia Pacific,23.517109,113.106865,630.0,22.0,3.297716167403249,1383225148.037752,996060755241.3506
P100001062833,"Guangdong Guoxin Industrial Co., Ltd.",Guangdong Guoxin Industrial Co Ltd,China,Asia Pacific,23.407415,116.570818,2500.0,24.0,6.3954820584412095,4977101905.5661955,582448944819.6637
P100001063522,Guangdong Hongde Steel Group Co Ltd,Guangdong Hongde Steel Group Co Ltd,China,Asia Pacific,24.672351,113.535574,860.0,24.0,4.048124125464352,2371893017.6045723,31793771860.51081
P100000120362,Guangdong Jingye Iron and Steel Co Ltd,Guangdong Jingye Iron and Steel Co Ltd,China,Asia Pacific,23.454666,116.498483,2000.0,6.0,4.1157613001382956,7797595936.055308,583637230738.2711
P100000120319,Guangdong Jinshenglan Metallurgical Technology Co Ltd,Guangdong Jinshenglan Metallurgical Technology Co Ltd,China,Asia Pacific,22.888729,112.263081,3600.0,5.0,3.3024743400838186,288572450.6037076,60803563955.78658
P100000120380,Guangdong Nanfang Donghai Iron and Steel Co Ltd,Guangdong Nanfang Donghai Iron and Steel Co Ltd,China,Asia Pacific,22.907614,112.224952,2400.0,3.0,4.006204781387041,194781090.93254027,60211318656.04337
P100001063276,Guangdong Shengye Steel Co Ltd,Guangdong Shengye Steel Co Ltd,China,Asia Pacific,24.008564,114.797328,920.0,21.97,3.7254858836490987,106278554.73135719,24624244874.55013
P100001063591,Guangdong Shiji Qingshan Nickel Industry Co Ltd,Guangdong Shiji Qingshan Nickel Industry Co Ltd,China,Asia Pacific,21.687053,111.848893,900.0,14.81,7.40872804387696,546325381.749661,17775768414.022697
P100001063532,Guangdong Taidu Iron & Steel Co Ltd,Guangdong Taidu Iron & Steel Co Ltd,China,Asia Pacific,23.504558,112.962693,1020.0,22.0,4.150167108295288,1746497357.0257854,689650406949.0117
P100001063263,"Guangdong Taiye Hongda Steel Co., Ltd.",Guangdong Taiye Hongda Steel Co Ltd,China,Asia Pacific,23.54332928798603,112.99082407443541,920.0,13.79,3.317246297649484,1746497357.0257854,518040246609.26575
P100000120361,GuangDong Xinxing Ductile Iron Pipes Co Ltd,GuangDong Xinxing Ductile Iron Pipes Co Ltd,China,Asia Pacific,22.09914,111.665479,0.0,11.0,5.0653168132875335,126961940.125218,18287514935.09894
P100000121044,Guangdong Yuebei United Steel Co Ltd,Guangdong Yuebei United Steel Co Ltd,China,Asia Pacific,24.262452,113.728198,2055.0,16.0,3.821930712580083,114780320.39245096,8696937071.580666
P100001063322,Guangdong Yuedong Steel Co Ltd,Guangdong Yuedong Steel Co Ltd,China,Asia Pacific,23.711585,114.689761,720.0,32.14,1.9250948699689867,10381673523.067602,27017136890.886192
P100001062853,Guangdong Yuehua Iron & Steel Group Co Ltd,Guangdong Yuehua Iron & Steel Group Co Ltd,China,Asia Pacific,24.275783,113.388896,520.0,21.81,2.259011296840417,386008960.44992363,8810397766.05655
P100001063509,Guangdong Yueshao Iron & Steel Co Ltd,Guangdong Yueshao Iron & Steel Co Ltd,China,Asia Pacific,24.688355,113.657408,500.0,12.48,3.956482062168141,2904267538.2436757,32115161740.937645
P100001063495,Guangdong Zhanhong Steel Plant,Guangdong Zhanhong Steel Plant,China,Asia Pacific,23.037858,114.970593,500.0,23.0,1.3240325291436068,33770610.58382256,54074859666.96669
P100000120084,Guangdong Zhongnan Iron & Steel Co Ltd,SGIS Songshan Co Ltd,China,Asia Pacific,24.708232,113.635898,8698.0,29.0,1.1009167556153143,2904267538.2436757,32095815445.071198
P100000121071,Guangshui Huaxin Metallurgical Industry Co Ltd,Guangshui Huaxin Smelt Industry Co Ltd,China,Asia Pacific,31.50221,114.008142,869.0,18.0,5.4172791181418365,39099648.249599755,7307352272.830032
P100000120093,Guangxi Beigang New Material Co Ltd,Guangxi BG New Materials Co Ltd,China,Asia Pacific,21.519924,109.506427,3400.0,17.0,4.373955933920907,490660026.3866026,31590588682.136852
P100000120370,Guangxi Chiji Iron and Steel Co Ltd,Guangxi Chiji Iron and Steel Co Ltd,China,Asia Pacific,23.402121,111.134606,4800.0,7.0,3.171070044657368,105313275.99139243,20559732482.81378
P100000120398,Guangxi Deyuan Metallurgy Co Ltd (Nayangdaqiao),Guangxi Deyuan Metallurgy Co Ltd,China,Asia Pacific,22.712996,109.33725,,36.0,3.9067081043733367,277340105.397218,10499927299.55551
P100000121140,Guangxi Deyuan Metallurgy Co Ltd (Yujiangbian),Guangxi Deyuan Metallurgy Co Ltd,China,Asia Pacific,22.85831,108.90109,,,3.2541570545863587,266302664.99618664,20516594186.225746
P100000120395,Guangxi Guifeng Special Steel Co Ltd,Guangxi Longzhou Zhongheng Wanhua Industrial Co Ltd,China,Asia Pacific,23.987136,111.914197,1725.0,24.0,5.1105737419419635,17341547.352170102,2910081061.2764688
P100000120095,Guangxi Guigang Iron and Steel Group Co Ltd,Guangxi Guigang Iron and Steel Group Co Ltd,China,Asia Pacific,23.088182,109.634638,1400.0,23.0,4.210970927284132,6503602261.824279,18365541991.176605
P100000120363,Guangxi Guigang Iron and Steel Group Guigang Guibao Special Steel Co Ltd,Guangxi Guigang Iron and Steel Group Guigang Guibao SPECIAL Steel Co Ltd,China,Asia Pacific,23.089502,109.63938,1200.0,8.0,4.212282668794471,6503602261.824279,18019027177.925503
P100000120368,Guangxi Guixin Iron and Steel Group Co Ltd,Guangxi Guixin Steel Group Co Ltd,China,Asia Pacific,23.978962,111.735523,6050.0,33.0,3.590784264247009,90031801.82740928,4917065856.955622
P100000120394,Guangxi Guixin Iron and Steel Intelligent Manufacturing Co Ltd,Hezhou Zhaoxin Hardware Products Co Ltd,China,Asia Pacific,23.978567,111.735529,750.0,26.0,3.5633630360018103,90031801.82740928,4917065856.955622
P100000120397,Guangxi Hezhou Kexinda Metal Products Co Ltd,Guangxi Hezhou Kexinda Metal Products Co Ltd,China,Asia Pacific,23.979937,111.745037,1150.0,22.0,4.436036634842673,90031801.82740928,4928627017.033124
P100000120396,Guangxi Hezhou Pengda New Materials Co Ltd,Hezhou Xindu Sanyuan Casting Co Ltd,China,Asia Pacific,23.987007,111.739775,780.0,10.0,4.513422491628502,90031801.82740928,4920258620.047069
P100000120306,Guangxi Iron and Steel Group Co Ltd Fangchenggang Iron & Steel Base,Guangxi Iron and Steel Group Co Ltd,China,Asia Pacific,21.580723,108.400896,8400.0,6.0,7.713685887790827,226557645.65927386,11674689080.685747
P100000120374,Guangxi Liugang Zhongjin Stainless Steel Co Ltd,Guangxi Liugang Zhongjin Stainless Steel Co Ltd,China,Asia Pacific,21.67261,109.741866,0.0,13.0,5.270920423795694,221366537.43015066,9528213457.25059
P100000120393,Guangxi Longzhou Zhongheng Wanhua Industrial Co Ltd,Guangxi Longzhou Zhongheng Wanhua Industrial Co Ltd,China,Asia Pacific,22.326361,106.94616,0.0,11.0,4.055998148078813,12209976.102895368,2235688596.4956255
P100000120094,Guangxi Shenglong Metallurgical Co Ltd,Guangxi Shenglong Metallurgical Co Ltd,China,Asia Pacific,21.687637,108.412344,9783.0,23.0,4.492454083044233,954514098.9683073,14121027870.936752
P100000120369,Guangxi Wuzhou Jinhai Stainless Steel Co Ltd,Guangxi Wuzhou Jinhai Stainless Steel Co Ltd,China,Asia Pacific,23.518229,111.235509,1500.0,16.0,3.8036696989522762,607979569.3111423,20412395323.525173
P100000120367,Guilin Pinggang Iron and Steel Co Ltd,Guilin Pinggang Iron and Steel Co Ltd,China,Asia Pacific,24.673567,110.78959,1200.0,29.0,3.8715284680201383,33714093.6953855,3515808103.975182
P100000120098,Guizhou Ganglian Industrial Group Co Ltd,Guizhou Ganglian Industrial Group Co Ltd,China,Asia Pacific,27.615147,106.949926,1325.0,12.0,1.373483757316743,3047624310.877063,45219639605.75884
P100000120364,Guizhou Hexing Steel Co Ltd,Guizhou Hexing Metal Products Co Ltd,China,Asia Pacific,26.509525,107.570458,500.0,14.0,4.580226728336829,30310794.301979743,14026477096.41879
P100000120360,Guizhou Juxin Iron and Steel Group Co Ltd,Qianxinan Prefecture Juxin Industry & Trade General Co,China,Asia Pacific,25.150857,105.041722,,33.0,2.8751726129950477,259782939.28469855,14560783277.573309
P100000120097,Guizhou United Iron and Steel Group Co Ltd,Guizhou United Steel (Group) Co Ltd,China,Asia Pacific,27.591691,106.814024,1990.0,12.0,4.3094173290663855,288427354.33009654,47452877237.39896
P100001063796,Haicheng Hengsheng Casting Co Ltd,Haicheng Hengsheng Casting Co Ltd,China,Asia Pacific,41.057478,122.8328,760.0,26.0,3.8715332662188517,722648668.565372,206242523147.69278
P100000120102,Handan Iron and Steel Group Co Ltd,Handan Iron and Steel Group Co Ltd,China,Asia Pacific,36.601308,114.439889,,64.91,3.1064926839380744,34430628965.986046,218590949357.5953
P100000120326,Handan Steel Group Handan Bao Steel Co Ltd,Hanshan Iron and Steel Co Ltd,China,Asia Pacific,36.685881,113.837073,4488.0,4.0,4.203227950327188,296202759.7826058,41735156180.61442
P100000120334,Hangda Steel Co Ltd,Dazhou Hangda Steel Co Ltd,China,Asia Pacific,31.435149,107.685981,1000.0,22.31,3.337983837649912,49607605.43538932,20381649829.361385
P100000120315,Hbis Laoting Steel Co Ltd,HBIS Laoting Steel Co Ltd,China,Asia Pacific,39.257823,119.033567,7450.0,6.0,3.8272839663905502,658638310.9064554,14069637061.114597
P100000121045,Hebei Anfeng Iron and Steel Co Ltd,Hebei Anfeng Iron & Steel Co Ltd,China,Asia Pacific,39.65849,118.894804,7100.0,24.0,4.0918280884994465,301142693.52749974,63186987906.94399
P100000120135,Hebei Baoxin Iron and Steel Group Co Ltd,Hebei Baoxin Iron and Steel Group Co Ltd,China,Asia Pacific,36.555205,114.108273,,19.0,2.1210504405280433,1340340843.3454995,170332444606.03406
P100000121249,Hebei Bishi Inner Mongolia iron and steel plant,Inner Mongolia (Naiman) Jingan Non-ferrous Metal Materials Co Ltd,China,Asia Pacific,43.696186,122.219433,,,1.6188260187092378,755333747.2342982,32610294666.29648
P100000120119,Hebei Donghai Special Steel Co Ltd,Hebei Donghai SPECIAL Steel Group Co Ltd,China,Asia Pacific,39.610605,118.474722,10001.0,17.0,2.1290054670354035,1222250055.6719754,204148015366.28906
P100001064139,Hebei Guanfeng Metallurgical Industry Co Ltd,Hebei Guanfeng Metallurgical Industry Co Ltd,China,Asia Pacific,36.73422,114.111085,0.0,18.93,3.134282818854229,2791499561.2492723,188279097079.84662
P100000120151,Hebei Huaxi Iron and Steel Co Ltd,Luannan Huarui Steel Co Ltd,China,Asia Pacific,39.51833,118.715766,,19.0,2.6720690197328905,1572778754.3996863,122208342739.46231
P100000120323,Hebei Huaxi Special Steel Co Ltd,Hebei Huaxi Special Steel Co Ltd,China,Asia Pacific,39.260784,119.005925,1824.0,5.0,4.610558780096811,658638310.9064554,14648275399.768066
P100000120378,Hebei Huaxin Special Steel Co Ltd,Hebei Huaxin Special Steel Co Ltd,China,Asia Pacific,36.53048,114.245262,1350.0,5.0,3.5260211150296317,1439683054.8066726,226338846200.95425
P100001064078,Hebei Jingdong Pipe Industry Co Ltd,Hebei Jingdong Pipe Industry Co Ltd,China,Asia Pacific,39.932656,118.836844,0.0,23.65,4.328089617669879,177055102.2953652,58267189145.948364
P100000120117,Hebei Jinxi Iron and Steel Group Co Ltd,Hebei Jinxi Iron & Steel Group Co Ltd,China,Asia Pacific,40.209844,118.220547,5000.0,40.0,1.0506856648212801,251849587.08247745,43499881101.07147
P100000120350,Hebei Longfengshan Casting Co Ltd,Hebei PROVINCE Longfengshan Casting Industry Co Ltd,China,Asia Pacific,36.705105,114.105387,0.0,27.0,1.7848833014914507,2791499561.2492723,189282802008.3607
P100000120307,Hebei Mingbin Iron and Steel Co Ltd,Hebei New Wuan Steel Group Wenan IRON&STEEL Co Ltd,China,Asia Pacific,36.631491,113.968635,,,1.1687737586329985,188809636.46592227,112086437685.09372
P100000120113,Hebei Puyang Iron and Steel Co Ltd,Hebei Puyang Iron and Steel Co Ltd,China,Asia Pacific,36.733675,113.925995,5567.0,34.0,4.030871122920571,313791587.31473416,88905961808.20065
P100000120145,Hebei Rongxin Steel Co Ltd,Hebei Rongxin Iron & Steel Co Ltd,China,Asia Pacific,39.880661,118.558755,2300.0,24.0,1.588255075997029,796505445.106471,185382304519.087
P100000120325,Hebei Taihang Iron and Steel Group Co Ltd,Hebei Taihang Iron and Steel Group Co Ltd,China,Asia Pacific,36.613716,114.082349,3950.0,5.0,3.841459766838467,383769388.9911753,160749878225.58725
P100000120150,Hebei Tangyin Iron and Steel Co Ltd,Hebei Tangyin IRON&STEEL Co Ltd,China,Asia Pacific,39.699354,118.213188,,14.0,1.081386467298828,13017662437.888332,201393300093.7253
P100000120328,Hebei Tangyin Iron and Steel Co Ltd Caofeidian base,Hebei Tangyin IRON&STEEL Co Ltd,China,Asia Pacific,39.160401,118.429806,2300.0,20.0,4.641974110497237,146526011.7107865,35055495152.88551
P100000120324,Hebei Tianzhu Iron and Steel Group Co Ltd,Hebei Tianzhu Iron and Steel Group Special Steel Co Ltd,China,Asia Pacific,39.270032,119.01376,3034.0,4.0,3.399494976127943,658638310.9064554,16055344208.807579
P100000120149,Hebei Tianzhu Iron and Steel Group Co Ltd Fengrun Plant,Hebei Tianzhu IRON&STEEL (GROUP) Co Ltd,China,Asia Pacific,39.803524,118.205663,,19.5,1.33806594459268,4568324809.945682,205662243350.9365
P100000120115,Hebei Wenfeng Iron and Steel Co Ltd,Hebei Wenfeng STEEL&IRON Co Ltd,China,Asia Pacific,36.64577,114.124258,,20.0,2.3104674207163067,1570133414.6514165,168302488557.8515
P100000120136,Hebei Xin Wuan Steel Group Hongrong Iron and Steel Co Ltd,Hebei New Wuan Lron and Steel Group Hong Rong Lron and Steel Co Ltd,China,Asia Pacific,36.640411,113.981172,1350.0,42.0,2.662640121194022,188809636.46592227,115514440184.77707
P100000120133,Hebei Xin Wuan Steel Group Wenan Iron and Steel Co Ltd,Hebei New Wuan Steel Group Wenan IRON&STEEL Co Ltd,China,Asia Pacific,36.679431,114.169024,,23.0,4.755245041342393,6917400988.421546,191887356628.37024
P100000120142,Hebei Xinda Iron and Steel Group Co Ltd,Hebei Xinda Iron and Steel Co Ltd,China,Asia Pacific,39.898362,118.579364,5000.0,24.0,4.134416700732589,796505445.106471,179466967911.97195
P100000120138,Hebei Xinghua Iron and Steel Co Ltd,Hebei Xinghua Iron and Steel Co Ltd,China,Asia Pacific,36.744936,114.111602,,23.0,4.241572867639042,2791499561.2492723,187803543578.32645
P100000120137,Hebei Xinjin Iron and Steel Co Ltd,Hebei Xinjin Iron and Steel Co Ltd,China,Asia Pacific,36.715632,114.208992,2700.0,33.0,0.8136961216084111,6917400988.421546,208899561340.64273
P100000120130,Hebei Xinwuan Iron and Steel Group Xinhui Metallurgy Co Ltd,Hebei New Wuan Iron and Steel Group Xin Hui Metallurgy Co Ltd,China,Asia Pacific,36.664097,114.115263,1575.0,26.0,4.433333265411366,1570133414.6514165,165400174991.58643
P100000120099,Hebei Xinxing Ductile Iron Pipes Co Ltd,Hebei Xinxing Ductile Iron Pipes Co Ltd,China,Asia Pacific,36.621504,114.128189,2500.0,33.0,0.4817783921027864,1570133414.6514165,167093741671.57178
P100000120111,Hebei Yanshan Iron and Steel Group Co Ltd,Hebei Yanshan Iron and Steel Group Co Ltd,China,Asia Pacific,39.925508,118.672757,9990.0,24.0,4.74568458851105,4245679723.9297485,94003251535.55492
P100000120131,Hebei Yongyang Special Steel Group Co Ltd,Hebei YongYang Special Steel Group Co Ltd,China,Asia Pacific,36.786851,114.376132,1610.0,33.0,0.5448837276539245,364664534.1041899,231127348101.5271
P100000120401,Hebei Zhangxuan High Tech Co Ltd,Hbzx HIGH Tech Co Ltd,China,Asia Pacific,40.607977,115.067516,1800.0,3.0,2.8884967473936123,11073664760.627905,57338704830.849655
P100000120311,Hebei Zongheng Group Fengnan Iron and Steel Co Ltd,Hebei Zongheng Group Fengnan Iron & Steel Co Ltd,China,Asia Pacific,39.222566,118.094201,7700.0,7.0,3.0894917502390413,452880777.8970651,273957223668.95923
P100000120157,Heilongjiang Jianlong Iron and Steel Co Ltd,Heilongjiang Jianlong Iron and Steel Co Ltd,China,Asia Pacific,46.602297,131.071877,2001.0,23.0,3.420157828448072,125175844.19061546,6651539956.068401
P100000120331,Henan Angang Zhoukou Iron and Steel Co Ltd,Henan Angang Zhoukou Iron and Steel Co Ltd,China,Asia Pacific,33.364534,115.099661,1750.0,5.0,2.6251167138556206,1216482444.7504897,42940994119.0539
P100000120169,Henan Changtai Stainless Steel Plate Co Ltd,Henan Changtai Stainless Steel Plate Co Ltd,China,Asia Pacific,34.702951,112.955911,,14.0,0.6381370585983623,3849360572.403314,176057082397.7937
P100000120167,Henan Fengbao Special Steel Co Ltd,Henan Fengbao SPECIAL Steel Co Ltd,China,Asia Pacific,36.131666,113.872158,0.0,25.0,0.7839422089552857,1250100343.4634068,102764827087.29698
P100001064248,Henan Fuhua Steel Group Co Ltd,Henan Fuhua Iron & Steel Group Co Ltd,China,Asia Pacific,34.462949,113.700844,1200.0,26.47,0.8572533468512826,3251997907.564753,671782005388.0455
P100000121086,Henan Jinhui Industrial Group,Henan Xinjinhui Stainless Steel Industry Co Ltd,China,Asia Pacific,34.263509,113.853979,1400.0,21.0,3.67880951804459,797364861.8664675,168522835872.76932
P100000120164,Henan Jiyuan Iron and Steel Group Co Ltd,Henan Jiyuan Iron & Steel (Group) Co Ltd,China,Asia Pacific,35.086396,112.553774,3428.0,68.0,4.4316112315555305,3421395276.0751696,108567124624.6772
P100000120168,Henan Yaxin Iron and Steel Group Co Ltd,Henan YAXIN Steel Industry Co Ltd,China,Asia Pacific,35.879956,114.334825,1000.0,23.0,3.6614024666820275,1630271672.3960836,125385157536.0824
P100000120180,Hengyang Valin Steel Tube Co Ltd,Hengyang Valin Steel Tube Co Ltd,China,Asia Pacific,26.865484,112.576853,1300.0,68.0,3.6469897476555193,8841440925.872505,52631189059.04941
P100000120091,Heping Yueshen Steel Industry Co Ltd,Heping Yueshen Steel Industrial Co Ltd,China,Asia Pacific,24.49796,114.93888,1400.0,15.0,4.82608368356569,922848789.0805657,5593914441.559017
P100000120090,Heyuan Derun Steel Co Ltd Dongjiang Jinzhu Industrial Park,Heyuan Derun Steel Co Ltd,China,Asia Pacific,23.693659,114.743048,,49.0,3.892980450108881,10381673523.067602,27330449920.220844
P100000121139,Heyuan Derun Steel Co Ltd LanTang Industrial Park,Heyuan Derun Steel Co Ltd,China,Asia Pacific,23.39775,114.898646,1650.0,3.0,3.4961966017240114,17999992.50243982,36905249474.78288
P100001063289,Heyuan Yuancheng Huafa Metal Products Co Ltd,Heyuan Huacheng Metal Products Co Ltd,China,Asia Pacific,23.56658,114.598993,620.0,21.89,3.8342550614309596,661354659.4113086,39202857256.919846
P100000120552,Hospet Steels Hospet plant,Hospet Steels Ltd,India,Asia Pacific,15.339055,76.251696,650.0,28.0,5.8603455941293126,204245873.82605147,6494280553.741234
P100000120229,Houying Group Haicheng Iron and Steel Co Ltd Datun Branch,Houying Group Haicheng Iron and Steel Co Ltd,China,Asia Pacific,40.981855,122.948643,,19.58,2.7391061546764903,563518410.1278985,204280659469.35934
P100000121042,Huainan Hongtai Iron and Steel Co Ltd,Huainan Hongtai Steel Limited Liability Co,China,Asia Pacific,32.619248,116.905869,500.0,25.0,2.9608892155174984,4888696838.2685,91330913466.36772
P100000121047,Huangshi Xingang Heavy Industry Technology Co Ltd,Huangshi Xingang Heavy Industry Technology Co Ltd,China,Asia Pacific,30.097108,115.284652,,2.0,3.173997138317147,69794425.23817413,64413221791.8982
P100001063078,"Huangshi Xinxing Pipe Industry Co., Ltd.",Huangshi Xinxing Pipe Industry Co Ltd,China,Asia Pacific,30.181393,114.944879,0.0,17.64,3.262792287298006,4262753872.987659,96475265193.3459
P100001064093,Huarui (Handan) Casting & Pipe Co Ltd,Huarui (Handan) Casting & Pipe Co Ltd,China,Asia Pacific,36.561049,114.102793,0.0,21.89,2.9291347517905013,1340340843.3454995,170053205873.57678
P100000120176,Hubei Dazhan Iron and Steel Co Ltd,Hubei Dazhan Steel & Iron Co Ltd,China,Asia Pacific,31.006752,113.754995,,33.0,5.223337528882068,600972460.8080096,40759271145.18103
P100000120318,Hubei Jinshenglan Metallurgical Technology Co Ltd,Hubei Jinshenglan Metallurgical Technology Co Ltd,China,Asia Pacific,29.916729,113.822921,3250.0,10.0,5.5200938410973395,96700424.06712171,15273223883.283081
P100000121070,Hubei Lijin Steel Group Co Ltd,Hubei Lijin Steel Group Co Ltd,China,Asia Pacific,32.127263,112.715688,2000.0,24.0,0.7368761067316474,728653447.9992169,24127542428.199814
P100000120343,Hubei Shunle Steel Co Ltd plant,Hubei Shunle Iron and Steel Co Ltd,China,Asia Pacific,29.925026,113.826118,2000.0,5.0,4.973527226322412,96700424.06712171,15500575351.26793
P100000120415,Hubei Wucheng Iron and Steel Group Co Ltd,Hubei Wucheng Iron and Steel Group Co Ltd,China,Asia Pacific,30.341239,114.857744,,26.0,4.10294915072297,14250230836.869875,218053706578.46277
P100001063493,Huizhou Jushun Iron and Steel Plant,Huizhou Jushun Iron and Steel Plant,China,Asia Pacific,23.178652,114.279374,620.0,33.26,3.5314723650258038,5079645602.338191,581102754330.4387
P100000120179,Hunan Valin Lianyuan Iron and Steel Co Ltd,Hunan Valin Lianyuan Iron and Steel Co Ltd,China,Asia Pacific,27.747782,111.967343,9000.0,68.0,4.4752318411360825,5209756773.4618635,18624557737.487885
P100000120178,Hunan Valin Xiangtan Iron and Steel Co Ltd,Hunan Valin Lianyuan Iron and Steel Co Ltd,China,Asia Pacific,27.81413,112.897377,7250.0,68.0,3.329157067161166,4007280363.8593574,434217947093.3483
P100000120184,Inner Mongolia Baotou Jiyu Iron and Steel Co Ltd Hondlon District,Baotou Jiyu Steel Co Ltd,China,Asia Pacific,40.662343,109.696243,,21.79,4.275815797594337,563557793.4713724,172336884220.31696
P100000120182,Inner Mongolia BaoTou Steel Union Co Ltd,Inner Mongolia BaoTou Steel Union Co Ltd,China,Asia Pacific,40.647997,109.740898,16760.0,26.64,3.7536164508945618,563557793.4713724,172548163179.83905
P100000120185,Inner Mongolia Desheng Metal Products Co Ltd,Inner Mongolia Desheng Metal Products Co Ltd,China,Asia Pacific,39.867015,106.890377,1350.0,14.3,1.5844401778408799,111523145.34028804,10635795445.055777
P100000120355,Inner Mongolia Mingtuo Ferrite New Material Co Ltd,Inner Mongolia Mingtuo Ferrite New Material Co Ltd,China,Asia Pacific,40.597557,109.683202,,3.0,3.7164713390743542,563557793.4713724,172491417398.7581
P100000120390,Inner Mongolia Wanzhou Special Steel Co Ltd,Inner Mongolia Wanzhou Special Steel Co Ltd,China,Asia Pacific,40.977329,110.022924,,,2.633981107159497,13833901.491643237,166563793208.9674
P100000120187,Inner Mongolia Yaxin Longshun Special Steel Co Ltd,Inner Mongolia Yaxinlongshun Special Steel Co Ltd,China,Asia Pacific,40.689778,110.214707,2000.0,20.3,2.132074223282831,2337622.9703656165,173888486435.46762
P100000120560,Jai Balaji Durgapur Unit IV steel plant,Jai Balaji Industries Ltd,India,Asia Pacific,23.483075,87.352189,295.0,17.0,3.603044510557339,675745315.8269312,60248239785.97394
P100000120562,Jai Balaji Jyoti Steels Sundargarh plant,Jai Balaji Jyoti Steels Ltd,India,Asia Pacific,22.085338,84.86184,92.0,23.0,4.613900047009475,94945328.67570616,10791925694.114943
P100001025922,Jai Balaji Rajbandh Unit III steel plant,Jai Balaji Industries Ltd,India,Asia Pacific,23.487439,87.369494,0.0,,3.2847633932247007,675745315.8269312,60129074782.98765
P100000120547,Jayaswal Neco Industries Raipur steel plant,Jayaswal Neco Industries Ltd,India,Asia Pacific,21.354495,81.676444,1200.0,30.0,4.012920379482871,1676028759.8407507,50473566906.84862
P100000120652,JFE Bars & Shapes Himeji Works steel plant,JFE Bars & Shapes Corp,Japan,Asia Pacific,34.784113,134.658493,900.0,89.0,3.17184657321266,11107163158.787853,364504105660.4696
P100000120653,JFE Bars & Shapes Kashima Works steel plant,JFE Bars & Shapes Corp,Japan,Asia Pacific,35.882023,140.731707,720.0,93.0,2.246027696157046,6568510645.102576,151284267424.24826
P100000120646,JFE Bars & Shapes Mizushima Works steel plant,JFE Bars & Shapes Corp,Japan,Asia Pacific,34.503883,133.710136,,59.0,4.204597047404365,12824930411.579533,216323667353.57483
P100000120647,JFE East Japan Works (Chiba) steel plant,JFE Steel Corp,Japan,Asia Pacific,35.580917,140.104196,4915.0,75.0,4.752861460215203,38317470933.99429,6999480240770.152
P100000120650,JFE East Japan Works (Keihin) steel plant,JFE Steel Corp,Japan,Asia Pacific,35.48069,139.729684,,65.66,7.050320415204645,317087547227.782,10673288849749.607
P100000120651,JFE Sendai Works steel plant,JFE Steel Corp,Japan,Asia Pacific,38.265706,141.012963,852.0,51.81,3.8223786705764327,15696371264.712454,220240736551.65356
P100000120649,JFE West Japan Works (Fukuyama) steel plant,JFE Steel Corp,Japan,Asia Pacific,34.465222,133.431205,13002.0,61.0,5.209531770904021,8873478299.720446,150958646139.22552
P100000120648,JFE West Japan Works (Kurashiki) steel plant,JFE Steel Corp,Japan,Asia Pacific,34.501198,133.722123,2000.0,59.0,4.673888046122029,12824930411.579533,216882580052.12042
P100000120418,Jianglong Acheng Iron and Steel Co Ltd,Jianglong Acheng Iron & Steel Co Ltd,China,Asia Pacific,45.562002,126.968128,1600.0,25.0,2.3863412996626954,3851213851.5239058,433262728884.3327
P100000120196,Jiangsu Binxin Steel Group Co Ltd,Jiangsu Province Binxin Steel Group Co Ltd,China,Asia Pacific,35.09556,119.279989,5400.0,18.05,3.4416061424252455,3627723888.232499,58862806457.56507
P100000120199,Jiangsu Changqiang Iron and Steel Co Ltd,Jiangsu Changqiang Iron & Steel Co Ltd,China,Asia Pacific,31.952064,120.189749,2000.0,22.42,1.8868357814062091,5149260849.902505,869434788637.9381
P100000120349,Jiangsu Delong Nickel Industry Co Ltd,Jiangsu Delong Nickel Industry Co Ltd,China,Asia Pacific,34.443469,119.816574,1350.0,15.55,2.8191658858530277,890142435.6329616,13262278133.303556
P100000120386,Jiangsu Hongtai Iron and Steel Co Ltd,Jiangsu HONGTAI Metals Ware Co Ltd,China,Asia Pacific,32.138393,119.554693,1576.0,25.68,1.9293415720407872,3200493895.461697,406755252591.32434
P100000120197,Jiangsu Jingye Iron and Steel Co Ltd,Jiangsu Jingye Iron and Steel Co Ltd,China,Asia Pacific,34.38381,119.786878,3000.0,22.31,1.073683238718321,1557019273.7154286,17996018934.013416
P100000121138,Jiangsu Longyuan Steel Co,Jiangsu Longyuan Steel Co Ltd,China,Asia Pacific,34.538033,117.329589,,15.77,3.4969100263998523,261090607.59518936,200300142640.241
P100000120189,Jiangsu Shagang Group Huaigang Special Steel Co Ltd,Jiangsu Shagang Group Huaigang SPECIAL Steel Co Ltd,China,Asia Pacific,33.566039,118.988442,3364.0,56.0,3.8895930496122286,4165354036.0691886,116194403770.98167
P100000120188,Jiangsu Shagang Iron & Steel Co Ltd,Jiangsu Shagang Iron & Steel Co Ltd,China,Asia Pacific,31.983146,120.638992,16605.0,23.6,3.0584826017142865,5778523153.580064,529051380107.0347
P100000120195,Jiangsu Shente Steel Co Ltd,Jiangsu Shente Steel Corp,China,Asia Pacific,31.471123,119.485941,,18.43,2.9797280438995166,5294448729.56292,149850825886.9499
P100000120207,Jiangsu Suxin Special Steel Group Co Ltd,Jiangsu Suxin Special Steel Co Ltd,China,Asia Pacific,31.400644,120.475103,,65.0,3.2657095433243204,11475374812.138918,1203080421719.338
P100000121136,Jiangsu Xingda Steel Group,Jiangsu Xingda Steel Group Co Ltd,China,Asia Pacific,34.501981,117.316278,,22.96,4.955515901108513,261090607.59518936,199923762019.09317
P100000120198,Jiangsu Xugang Iron and Steel Group Co Ltd,Jiangsu Xusteel Group Co Ltd,China,Asia Pacific,34.577016,117.339638,3050.0,22.46,5.092758446791001,536146471.99254227,203762624287.38776
P100000121050,Jiangxi Taixin Iron and Steel Co Ltd,Jiangxi Taixin Iron & Steel Co Ltd,China,Asia Pacific,28.60445,118.163615,1000.0,22.62,4.407886527446429,24651705.83317486,28075320400.865673
P100000121144,Jiangxi Yuanxing Iron and Steel Co Ltd,Jiangxi Yuanxing Iron and Steel Co Ltd,China,Asia Pacific,24.881098,114.802833,,18.21,1.3147623824383596,982532261.0660375,3890877667.8320055
P100000120205,Jiangyin Huaxi Iron and Steel Co Ltd,Jiangyin Huaxi Steel Co Ltd,China,Asia Pacific,31.816482,120.424347,1500.0,23.39,4.234256706061214,10086515908.61508,1024135366078.9897
P100000120347,Jiangyin Xicheng Steel Co Ltd,Jiangyin Xicheng Steel Co Ltd,China,Asia Pacific,31.892299,120.198394,720.0,28.37,2.1402758220507767,8256028173.465794,899493452254.8955
P100000120191,Jiangyin Xingcheng Special Steel Works Co Ltd,Jiangyin Xingcheng SPECIAL Steel Works Co Ltd,China,Asia Pacific,31.950191,120.328449,5900.0,33.0,4.4842360246821515,4429745806.121701,861258391348.5183
P100000120159,Jianlong Beiman Special Steel Co Ltd,Jianlong Beiman SPECIAL Steel Co Ltd,China,Asia Pacific,47.191285,123.616512,2570.0,69.0,2.0012158783454943,3437488269.916678,60191945180.633514
P100000120158,Jianlong Xilin Iron and Steel Co Ltd,Jianlong Xilin Iron and Steel Co Ltd,China,Asia Pacific,47.495036,129.287919,4200.0,60.0,4.0908583901838975,10642384.938641924,853263562.5257634
P100000120215,Jilin Jianlong Steel Co Ltd,Jilin Jianlong Steel Co Ltd,China,Asia Pacific,44.011951,126.537086,2700.0,24.8,3.3244654439117616,133726064.71790448,126042241262.18954
P100000120218,Jilin Jingang Iron and Steel Co Ltd,Jilin Jingang Lron and Steel Co Ltd,China,Asia Pacific,43.20023,124.335697,1500.0,47.0,3.3105639217306457,7056524178.650425,26086020433.09009
P100000120389,Jilin Steel Group Fugang Metal Manufacturing Co Ltd,"Fugang METAL Manufacturing Co.ltd.,jilinjigang Steel Group",China,Asia Pacific,44.022802,125.505627,,17.6,3.563860869648305,218005645.09942687,372832686908.1275
P100000120388,Jilin Steel Group Taihua Metal Equipment Manufacture Co Ltd,Jilin Steel Group Taihua Metal Equipment Manufacture Co Ltd,China,Asia Pacific,44.138826,125.914941,,17.58,3.5390157082428044,912548532.864007,31395426520.878036
P100000120217,Jilin Xinda Iron and Steel Co Ltd,JiLin Province Xinda Steel Co Ltd,China,Asia Pacific,42.3249,125.246892,0.0,18.27,4.869251622801021,15053158.02973983,6035383531.075078
P100000120373,Jinan Iron and Steel Group Co Ltd,Jinan Iron & Steel Group Co Ltd,China,Asia Pacific,36.718952,114.111677,5200.0,4.0,1.67466346617481,2791499561.2492723,189064228850.86957
P100000120273,Jincheng Fusheng Iron and Steel Co Ltd,Jincheng FUSHENG Iron & Steel Co Ltd,China,Asia Pacific,35.662985,112.882395,4600.0,23.2,4.276272940787293,981005265.3164757,38067790254.84774
P100000120544,Jindal Stainless Hisar steel plant,Jindal Stainless Ltd,India,Asia Pacific,29.127253,75.773075,800.0,56.0,1.8231841708698293,454648663.61737627,4432173812.338945
P100000120543,Jindal Stainless Jajpur steel plant,Jindal Stainless Ltd,India,Asia Pacific,20.954939,86.051986,2200.0,15.0,1.1360827644346085,864289310.3874147,19930989331.916576
P100001061405,Jindal Stainless Maharashtra steel plant,Jindal Stainless Ltd,India,Asia Pacific,19.314475,72.976623,,,3.1806000958764256,9385160469.420177,257873821456.65317
P100000120515,Jindal Steel Angul steel plant,Jindal Steel Limited Ltd,India,Asia Pacific,20.884896,84.991539,6000.0,13.0,3.621069659149975,322827125.6345241,10289924861.693195
P100000121173,Jindal Steel Asanboni steel plant,Jindal Steel Limited Ltd,India,Asia Pacific,24.131037,87.438728,,,2.099750260129598,12539365.545054764,17163903152.416973
P100001062086,Jindal Steel Chhattisgarh steel plant,Jindal Steel Chhattisgarh Ltd,India,Asia Pacific,21.895041,83.376759,,,2.235836274584332,454682852.3366098,8708985977.676916
P100000121034,Jindal Steel Krishnapatnam steel plant,Jindal Steel Limited Ltd,India,Asia Pacific,14.254675,80.108702,,,4.472555977297553,200947291.56263226,8797826143.5833
P100000120542,Jindal Steel Patratu steel plant,Jindal Steel Limited Ltd,India,Asia Pacific,23.632991,85.325308,,,3.5404372548285408,934889967.304621,43018575113.010056
P100000120516,Jindal Steel Raigarh steel plant,Jindal Steel Limited Ltd,India,Asia Pacific,21.922703,83.347178,3600.0,37.0,4.891966750717609,400367384.08294696,9080381228.33012
P100000120132,Jinding Heavy Industry Co Ltd,Jinding Heavy Industries Co Ltd,China,Asia Pacific,36.718952,114.111677,3000.0,31.0,1.67466346617481,2791499561.2492723,189064228850.86957
P100000120222,Jingye (Yingkou) Medium Plate Co Ltd,Jingye (Yingkou) Medium Plate Co Ltd,China,Asia Pacific,40.671136,122.395441,5500.0,23.67,4.480856300570206,1444886964.8755352,91760599608.88235
P100000120120,Jingye Iron and Steel Co Ltd,Jingye Iron and Steel Co Ltd,China,Asia Pacific,38.391372,114.139998,6400.0,30.0,2.2412309623627507,310050323.594974,184573101987.5097
P100000120175,Jingzhou Qunli Metal Products Co Ltd,Jingzhou Qunli Metal Products Co Ltd,China,Asia Pacific,30.3505,112.353782,1000.0,27.0,3.4008659285258664,118075214.85034539,38205541993.96432
P100000120276,Jinye Iron and Steel Group Co Ltd,Jinye Steel Group Co Ltd,China,Asia Pacific,36.148131,113.209523,950.0,22.79,2.574267706158174,1182364306.7889879,68729326480.3698
P100000121252,Jinzhou Jinxing Special Steel Company,Jinzhou Jinxing Special Steel Co Ltd,China,Asia Pacific,41.188888,121.225043,,25.1,2.5748240083019387,549095770.045926,54238701827.81923
P100000121057,Jishan Mingfu Steel Products Co Ltd,Jishan Mingfu Steel Products Co Ltd,China,Asia Pacific,35.665945,111.025976,1433.0,12.44,4.768534494500804,245177255.62792537,29193307116.655434
P100000120083,Jiugang Group Yuzhong Iron and Steel Co Ltd,Jiugang Group Yuzhong Iron & Steel Co Ltd,China,Asia Pacific,36.033646,104.035535,4000.0,23.0,1.0485124073072998,167993672.70306432,159988995314.00266
P100000120213,Jiujiang Pinggang Iron and Steel Co Ltd,JiuJiang PXSteel Co Ltd,China,Asia Pacific,29.778431,116.27527,4700.0,14.09,2.1609973487449765,478146017.5263399,49202409985.341385
P100001044907,JSOL Angul steel plant,Jindal Steel Odisha Ltd,India,Asia Pacific,20.874713,84.944082,6300.0,0.47,1.4810028409402762,322827125.6345241,10146547279.815842
P100000120521,JSW Bengal Steel Salboni plant,JSW Bengal Steel Ltd,India,Asia Pacific,22.575726,87.310258,,,4.241189972604715,178521520.3246137,22867811417.327194
P100000120537,JSW BPSL Jharkhand steel plant,Bhushan Power & Steel Ltd,India,Asia Pacific,22.665526,85.64622,,,5.004874320151552,113645399.55906004,6139043854.782175
P100000120510,JSW BPSL Jharsuguda steel plant,JSW Steel Ltd,India,Asia Pacific,21.763989,84.022529,5000.0,21.0,3.6574349735558025,687994436.0281599,11361687485.173359
P100000120570,JSW Green Steel Salav plant,JSW Green Steel Ltd,India,Asia Pacific,18.530853,72.947091,0.0,33.0,8.150500478899579,5087801.004416001,7026475591.708821
P100001023560,JSW POSCO Keonjhar steel plant,JSW Steel Ltd; POSCO Holdings Inc,India,Asia Pacific,20.248632,86.156416,,,5.551904841444812,165319279.8517694,52152013428.16887
P100000121039,JSW Rayalseema steel plant,JSW Rayalaseema Steel Limited,India,Asia Pacific,14.76855,78.403263,,,3.9800809290599544,45263087.15252942,3699473968.9320436
P100000120517,JSW Steel Dolvi steel plant,JSW Steel Ltd,India,Asia Pacific,18.690312,73.035902,10200.0,32.0,2.093845189456273,286389654.28355294,60099330304.11375
P100001045504,JSW Steel Gadchiroli steel plant,JSW Steel Ltd,India,Asia Pacific,20.1846793,79.9957641,,,4.709182127890687,36499350.191805646,672310138.9649446
P100000120520,JSW Steel Jharkhand steel plant,JSW Jharkhand Steel Ltd,India,Asia Pacific,23.188108,85.715097,,0.0,2.3527982291849496,22085261.29316944,23446519340.916725
P100000120536,JSW Steel Raigarh steel plant,JSW Ispat Special Products Ltd,India,Asia Pacific,21.983709,83.238133,950.0,18.0,4.171871226788067,213067224.22470316,10563384113.836348
P100000120518,JSW Steel Salem steel plant,JSW Steel Ltd,India,Asia Pacific,11.814912,77.918465,1260.0,28.0,5.0508972021637355,606793261.3724501,32134637342.276756
P100000120519,JSW Steel Vijayanagar steel plant,JSW Steel Ltd,India,Asia Pacific,15.180423,76.663134,11899.0,32.0,5.135826544582303,334841572.46645224,9689320324.005524
P100000120539,JSW Utkal Steel Rajnagar plant,JSW Utkal Steel Ltd,India,Asia Pacific,20.216667,86.55,,0.0,1.2707625016634978,105160684.6244372,6876861355.910729
P100000120538,JSW Vijayanagar Metallics steel plant,JSW Vijayanagar Metallics Ltd,India,Asia Pacific,15.203176,76.659122,5000.0,2.0,3.705997511998655,334841572.46645224,9966119331.866566
P100001025631,Kalyani Steels Dhenkanal steel plant,Kalyani Steels Ltd,India,Asia Pacific,20.601819,85.594653,,0.0,4.0767032244628405,319583186.94651854,46089200704.690956
P100001062093,Kapila Metals Jalna steel plant,Kapila Metals Pvt Ltd,India,Asia Pacific,19.874223,75.817553,,,2.708364511827026,100155279.26306468,9907907877.655088
P100001045284,KIC Metaliks Durgapur steel plant,KIC Metaliks Ltd,India,Asia Pacific,23.507539,87.277914,0.0,28.05,4.045572782284581,1554639245.0040002,78911937623.12569
P100000121199,Kishiwada Steel Osaka steel plant,Kishiwada Steel Co Ltd,Japan,Asia Pacific,34.477479,135.353918,500.0,69.22,2.8753142931103826,38442254742.5372,4024872190911.7173
P100000120655,Kobe Kakogawa Works steel plant,Kobe Steel Ltd,Japan,Asia Pacific,34.720268,134.826275,4394.0,56.0,4.6470999577231416,25378988214.594116,594638453899.9097
P100000120656,Kobe Wire Rod and Bar steel plant,Kobe Steel Ltd,Japan,Asia Pacific,34.703624,135.247207,,58.0,3.591882159717156,42784622428.44381,4166091619625.3354
P100000120680,Kyoei Steel Hirakata Division (Osaka),Kyoei Steel Ltd,Japan,Asia Pacific,34.816321,135.677444,805.0,64.0,3.933133065788956,84281749601.77412,4289694357006.1284
P100000120682,Kyoei Steel Nagoya Division (Tokai),Kyoei Steel Ltd,Japan,Asia Pacific,35.065055,136.815384,1265.0,42.0,3.379982945778555,11644793117.559832,2354847344337.752
P100000120681,Kyoei Steel Yamaguchi Division (Yamaguchi),Kyoei Steel Ltd,Japan,Asia Pacific,33.976513,131.173031,575.0,54.0,3.832132817585591,3584087170.210148,227169182282.68463
P100000120254,Laiwu Iron and Steel Group Yinshan Section Steel Co Ltd,Laiwu Steel Yinshan Section Co Ltd,China,Asia Pacific,36.106143,117.820108,5600.0,22.15,3.3050746292577755,1723461254.4344203,51404078756.40897
P100000120156,Langfang Guangyuan Metalwork Co Ltd,Langfang Guangyuan Metalwork Co Ltd,China,Asia Pacific,39.181466,116.838667,,11.0,4.3276575243567255,1533063394.1574883,1009910154140.4136
P100000120344,Lanxin Steel Group Co Ltd plant,Gaolan County Lanxin Steel Co Ltd,China,Asia Pacific,36.488866,103.922,1100.0,25.0,4.699038202014775,4705947.349746395,100210147450.03174
P100000120181,Lengshuijiang Steel Co Ltd,Lengshuijiang Iron and Steel Co Ltd,China,Asia Pacific,27.690401,111.437288,3000.0,68.0,2.8755793048526983,982323572.5654914,18218977581.76848
P100000120192,Lianfeng Steel Zhangjiagang Co Ltd,Lianfeng Steel (Zhangjiagang) Co Ltd,China,Asia Pacific,31.855205,120.730505,6720.0,23.65,3.0379227984554906,3289812339.6058364,691192891097.3962
P100001063594,Lianping Huafeng Steel Co Ltd,Lianping County Huafeng Steel Co Ltd,China,Asia Pacific,24.18435,114.728202,720.0,9.93,3.3426017630165132,271704400.55409884,7860661720.28815
P100000121078,Lianyungang Huale Alloy Group Co Ltd,Lianyungang Huale Alloy Group Co Ltd,China,Asia Pacific,34.607964,119.447626,621.0,15.94,2.1327229760476927,175014771.30063456,62208001532.84489
P100000120348,Lianyungang Yaxin Iron and Steel Co Ltd,Lianyungang Yaxin Iron and Steel Co Ltd,China,Asia Pacific,34.423786,119.778311,3000.0,16.51,4.032005238418851,890142435.6329616,21492612750.274986
P100000120333,Liaoyang United Steel Co Ltd,Liaoyang United Steel Co Ltd,China,Asia Pacific,41.19138,122.877311,2300.0,6.17,1.8950138882788263,1281795295.850902,210271387199.7962
P100000121051,Liaoyang Xinyi Special Steel Co Ltd,Liaoyang Xinyi Special Steel Co Ltd,China,Asia Pacific,41.225003,122.970488,500.0,17.2,2.11408668124727,4381066890.384275,207956725496.76184
P100000120269,Licheng Taihang Iron and Steel Co Ltd,Licheng Taihang Iron & Steel Co Ltd,China,Asia Pacific,36.472303,113.344155,1700.0,25.68,3.165625209647596,231213739.23506635,63358692955.12561
P100000120225,Lingyuan Iron and Steel Co Ltd,Lingyuan Iron & Steel Co Ltd,China,Asia Pacific,41.271048,119.41374,5994.0,31.8,3.9668000453259777,1351875952.0510519,8449719856.137927
P100000120330,Linyi Iron and Steel Investment Group Special Steel Co Ltd,Linyi Iron and Steel Investment Group Co Ltd,China,Asia Pacific,35.15735,119.133999,2700.0,6.92,3.689049118536783,212520272.51501238,53272173903.43916
P100000120338,Linyi Iron and Steel Investment Group Stainless Steel Co Ltd,Linyi Iron and Steel Investment Group Stainless Steel Co Ltd,China,Asia Pacific,35.148443,119.068015,700.0,6.0,3.540566801801486,238915176.01580334,49102072073.52552
P100000120250,Linyi Jiangxin Iron and Steel Co Ltd,Linyi Jiangxin Steel Co Ltd,China,Asia Pacific,34.951117,118.305389,,18.58,1.4858903072188059,7972147725.823803,164788953238.1223
P100001063721,Linyi Meide Gengchen Metal Materials Co Ltd,Linyi Meide Gengchen Metal Materials Co Ltd,China,Asia Pacific,35.188667,119.087048,500.0,8.55,4.0833855518242785,374021532.01611346,49326982913.5983
P100001064103,Linzhou Hexin Foundry Co Ltd,Linzhou Hexin Foundry Co Ltd,China,Asia Pacific,36.112742,113.861135,240.0,20.47,1.8463064427649627,1250100343.4634068,102240701401.62509
P100000120399,Lishui Huahong Iron and Steel Products Co Ltd,Huahong Iron and Steel Products Co Ltd,China,Asia Pacific,28.090098,119.519509,1200.0,23.39,4.447987609588924,468805622.32278705,5534623301.555684
P100000120092,Liuzhou Iron and Steel Co Ltd Liuzhou Base,Liuzhou IRON&STEEL Co Ltd,China,Asia Pacific,24.385304,109.37963,9458.0,26.0,1.2379975020369698,21236255107.045433,106919872651.21158
P100000120382,Liyang Baorun Steel Co Ltd,Liyang Baorun Steel Co Ltd,China,Asia Pacific,31.471123,119.485941,2760.0,2.58,2.9797280438995166,5294448729.56292,149850825886.9499
P100000120522,Lloyds Metals and Energy Ltd Ghugus steel plant,Lloyds Metals and Energy Ltd,India,Asia Pacific,19.929837,79.119344,0.0,31.0,3.2233279319745254,248656224.30699146,4350380892.964218
P100000121179,Lloyds Metals and Energy Ltd Konsari steel plant,Lloyds Metals and Energy Ltd,India,Asia Pacific,19.770409,79.813599,0.0,3.0,3.294490797346745,1199591.592945764,783322878.1243582
P100001063267,Longchuan Hanghui Steel Co Ltd,Longchuan Hanghui Steel Co Ltd,China,Asia Pacific,24.113189,115.215068,930.0,22.39,1.480529817522742,1069393003.8951043,6334060729.585486
P100000120412,Longnan Fuxin Iron and Steel Co Ltd,Longnan Fuxin Steel Co Ltd,China,Asia Pacific,24.912904,114.844503,1500.0,20.91,5.217852117421908,85055828.36295038,2717532226.4839673
P100000120383,Luoyang Luogang Group of Steel and Iron Co Ltd,Luoyang Luogang Group of Steel and Iron Co Ltd,China,Asia Pacific,34.798477,112.580505,,19.0,3.6263969986835685,898607349.1565193,201192744938.41702
P100000120335,Luzhou Xinyang Vanadium Titanium Steel Co Ltd,Luzhou Xinyang Vanadium Titanium Steel Co Ltd,China,Asia Pacific,28.851779,105.70509,2000.0,6.12,2.6013026652315396,20271489.796361625,32944059922.257732
P100000120260,Lvliang Jianlong Industrial Co Ltd,Lvliang Jianlong Industrial Co Ltd,China,Asia Pacific,37.47311,112.06093,1400.0,41.0,2.3643583856992034,1570081181.240564,81961745851.4654
P100000120069,Maanshan Iron and Steel Co Ltd,Maanshan Iron & Steel Co Ltd,China,Asia Pacific,31.698884,118.468194,15480.0,73.0,1.4050622138748017,14161932205.740225,597053458401.5353
P100000120559,Mesco Steel Kalinganagar plant,Mesco Kalinga Steel Ltd,India,Asia Pacific,20.976277,86.044419,1200.0,21.0,2.015607416289135,864289310.3874147,17327711187.14309
P100001046616,Mintal Group DRI plant,Mintal Group Co Ltd,China,Asia Pacific,41.7915,109.865367,,,0.7988295846847465,38453234.3149022,190596578.8616632
P100000120339,Minyuan Iron and Steel Group Co Ltd,Minyuan Iron and Steel Group Co Ltd,China,Asia Pacific,34.013369,116.422599,2700.0,23.0,4.554699498749549,258770067.85181326,73538117479.19241
P100000121239,Mono Steel Gandhidham plant,Mono Steel (India) Ltd,India,Asia Pacific,23.312265,70.201953,770.0,36.0,2.381310625971429,31833855.18768871,5533021171.26422
P100000120567,MSP Steel & Power Raigarh plant,MSP Steel & Power Ltd,India,Asia Pacific,21.87673,83.554495,385.0,24.0,1.3376361425081078,122199505.11316605,10100227857.664085
P100001062087,Mukand Sumi Special Steel Hospet steel plant,Mukand Sumi Special Steel Ltd,India,Asia Pacific,15.328976,76.258613,450.0,4.55,5.45689386902103,208281204.80950305,6487520282.898114
P100001025672,N R Ispat and Power Raigarh steel plant,NR Ispat and Power Pvt Ltd,India,Asia Pacific,22.013086,83.330372,297.0,18.0,5.100722123085422,155299189.2988411,9124756910.103502
P100000120678,Nakayama Steel Products Osaka plant,Nakayama Steel Products Co Ltd,Japan,Asia Pacific,34.699762,135.430119,600.0,75.81,2.7496433626349286,324278211589.9782,4425872987213.524
P100000120679,Nakayama Steel Works Osaka,Nakayama Steel Works Ltd,Japan,Asia Pacific,34.628162,135.459688,600.0,97.0,0.372807375588606,254812052510.10464,4389614453696.843
P100000120190,Nanjing Iron and Steel Co Ltd,Nanjing Iron & Steel Co Ltd,China,Asia Pacific,32.200797,118.746315,10000.0,68.0,3.6705464467713673,11508667093.45597,773166310817.1803
P100000120165,Nanyang Hanye Special Steel Co Ltd,Nanyang Hanye SPECIAL STREET Co Ltd,China,Asia Pacific,33.269324,111.534635,3000.0,23.0,2.568941914818123,313551485.3556643,4971535691.998611
P100000120540,Neelachal Ispat Nigam steel plant,Neelachal Ispat Nigam Ltd,India,Asia Pacific,20.998641,86.019102,1100.0,44.0,5.057364430723465,864289310.3874147,14663274158.29377
P100000121165,Nilachal Iron & Power Gamharia steel plant,Nilachal Iron & Power Ltd,India,Asia Pacific,22.874863,86.063646,99.0,24.0,2.251835314131886,631216996.6196955,24757040506.352974
P100000120400,Ningbo Haoyang New Materials Techonology Co Ltd,Ningbo Haoyang New MATERIALS Techonology Co Ltd,China,Asia Pacific,30.267113,121.052503,500.0,6.39,6.6183834844003355,4420088191.603954,309467375259.43335
P100000120305,Ningbo Iron and Steel Co Ltd,Ningbo Iron & Steel Co Ltd,China,Asia Pacific,29.918776,121.876423,3999.0,23.1,4.869601541309791,7787131930.195617,357936864667.69196
P100000121148,Ningxia Boyu Hongxing Special Steel Group Co,Ningxia Boyu Hongxing Special Steel Group Co Ltd,China,Asia Pacific,39.273832,106.75146,,19.14,3.988481182073794,1044069289.8932406,25287183334.57392
P100000120232,Ningxia Iron and Steel Group Co Ltd,Ningxia Iron and Steel (Group) Co Ltd,China,Asia Pacific,37.503054,105.078348,1800.0,68.0,5.375804952914125,21396075.606333133,7107784086.731286
P100000121052,Ningxia Jianlong Special Steel Co Ltd,Ningxia Jianlong Special Steel Co Ltd,China,Asia Pacific,39.215452,106.688294,3500.0,13.84,1.8993027257067427,698923464.9402945,22448592568.906364
P100000120411,Ningxia Xinghua Iron and Steel Co Ltd,Ningxia Xinghua Iron and Steel Co Ltd,China,Asia Pacific,39.309571,106.79093,1500.0,4.22,1.9918795136312555,1044069289.8932406,22089692954.080418
P100000120664,Nippon East Japan Works (Kashima) steel plant,Nippon Steel Corp,Japan,Asia Pacific,35.93437,140.681019,3432.0,58.0,5.703515486358481,6732393394.412976,211243260882.37015
P100000120659,Nippon East Japan Works (Kimitsu) steel plant,Nippon Steel Corp,Japan,Asia Pacific,35.360912,139.881953,10001.0,61.0,7.1006699618124225,10846190015.003323,7741360384312.196
P100000120666,"Nippon Kansai Works (Wakayama Area, Wakayama) steel plant",Nippon Steel Corp,Japan,Asia Pacific,34.233519,135.135443,3043.0,84.0,6.536561352763482,5029055868.275665,440239188258.0011
P100000120662,"Nippon Kyushu Works (Oita Area, Oita) steel plant",Nippon Steel Corp,Japan,Asia Pacific,33.260829,131.645527,9999.0,54.72,6.141530606728009,13959786614.751396,43745379076.843414
P100000120665,"Nippon Kyushu Works (Yawata Area, Kokura) steel plant",Nippon Steel Corp,Japan,Asia Pacific,33.89771,130.882435,,69.0,2.616838053086957,31274995993.219223,373783974342.05444
P100000120663,"Nippon Kyushu Works (Yawata Area, Tobata) steel plant",Nippon Steel Corp,Japan,Asia Pacific,33.911803,130.838014,0.0,125.0,5.329271362232964,31274995993.219223,393200627310.0807
P100000120661,Nippon Nagoya steel plant,Nippon Steel Corp,Japan,Asia Pacific,35.027575,136.870552,6000.0,65.0,7.351209315482773,11644793117.559832,2327340043889.255
P100000120667,Nippon Sanyo Special Steel,Sanyo Special Steel Co Ltd,Japan,Asia Pacific,34.788074,134.672046,1596.0,91.0,3.3377103024889347,12333371034.581137,474328113325.69275
P100000120658,Nippon Setouchi Works (Hirohata Area) steel plant,Nippon Steel Corp,Japan,Asia Pacific,34.786879,134.625301,720.0,87.0,0.5330737540893246,11107163158.787853,364431498849.89294
P100000120657,Nippon Setouchi Works (Kure Area) steel plant,Nippon Steel Corp,Japan,Asia Pacific,34.221172,132.540104,,72.74,7.839965218795618,4301561627.949038,172021501066.787
P100001041253,Nippon Stainless Steel Yamaguchi Works (Hikari Area) steel plant,Nippon Steel Stainless Steel Corp,Japan,Asia Pacific,33.964661,131.935403,500.0,71.0,2.2287608378166466,1396602110.0413387,22841493346.437748
P100001041252,Nippon Stainless Steel Yamaguchi Works (Shunan Area) steel plant,Nippon Steel Stainless Steel Corp,Japan,Asia Pacific,34.059009,131.777221,866.0,68.0,2.3430515509210106,1341839583.5437067,29508085106.030838
P100000120548,NMDC Karnataka steel plant,NMDC Steel Ltd,India,Asia Pacific,15.186288,76.916591,,,5.091873221388609,264490082.3818576,7200862351.376895
P100000120523,NMDC Nagarnar steel plant,NMDC Steel Ltd,India,Asia Pacific,19.0931901,82.17,3000.0,2.47,5.36028049934316,67937733.07878391,1431263158.2518458
P100000120660,North Nippon Muroran Works steel plant,Nippon Steel Corp,Japan,Asia Pacific,42.341873,140.997803,2200.0,117.0,4.907775537347434,4188050831.7558002,11468351642.958382
P100000121188,Orissa Alloy Steel Kharagpur Plant,Orissa Metaliks Pvt Ltd,India,Asia Pacific,22.364258,87.309047,550.0,5.0,2.149583339169318,2985882028.961829,23516713005.396267
P100000121187,Orissa Metaliks Kharagpur steel plant,Orissa Metaliks Pvt Ltd,India,Asia Pacific,22.378355,87.281773,900.0,9.0,1.0835345319167349,2985882028.961829,21441614630.089996
P100000120566,Orissa Metaliks Markuta steel plant,Orissa Metaliks Pvt Ltd,India,Asia Pacific,21.856747,83.966244,600.0,18.0,2.187661061643678,645075019.3542067,10922892462.336903
P100000120563,Orissa Sponge Iron and Steel plant,Orissa Sponge Iron and Steel Ltd,India,Asia Pacific,21.801994,85.56751,101.0,31.0,2.9048218225930027,55597769.29395994,5189988797.388244
P100000121189,Orissa Steel and Power Jhargram steel plant,Orissa Steel & Power Pvt Ltd,India,Asia Pacific,22.3591,87.017184,,,3.076327894971058,47335285.52206003,17368489401.60102
P100000120677,Osaka Steel Sakai Works,Osaka Steel Co Ltd,Japan,Asia Pacific,34.59822,135.45439,4650.0,76.0,2.9995876094532097,254812052510.10464,4348569280727.1577
P100000121080,Pangang Group Jiangyou Changcheng Special Steel Co Ltd,Pan Gang Group Sichuan Changcheng Special Steel Co Ltd,China,Asia Pacific,31.763517,104.761441,669.0,36.76,4.238010221299227,2578998262.3683743,59851501405.47284
P100000120277,Pangang Group Panzhihua Steel Vanadium Co Ltd,Panzhihua Steel Group Panzhihua Steel Vanadium Co Ltd,China,Asia Pacific,26.565265,101.673737,5900.0,61.0,4.327468225439695,9319315191.657978,21617919444.495834
P100000120278,Pangang Group Xichang Steel and Vanadium Co Ltd,Pangang Group Xichang Steel and Vanadium Co Ltd,China,Asia Pacific,27.74799,102.20517,3900.0,14.66,4.420598832751609,146825967.31663737,13986038223.872597
P100000120387,Panshi Jianlong Iron and Steel Co Ltd,Jilinheng Precision Casting Technology Co Ltd,China,Asia Pacific,43.196537,126.00063,1100.0,15.96,3.5754935020503846,10768816.011382872,4389412705.524285
P100000120212,Pingxiang Pinggang Anyuan Iron and Steel Co Ltd,Anyuan Iron & Steel Co Ltd,China,Asia Pacific,27.64555,113.902126,2650.0,72.0,3.515960833050845,7940031421.185044,26859928044.05233
P100000120206,Posco Zhangjiagang Stainless Steel Co Ltd,Guangdong Guangqing Metal Technology Co Ltd,China,Asia Pacific,31.980237,120.571455,1100.0,19.59,3.7185744890621604,5052871258.0219145,594259650734.9299
P100000120558,Prakash Industries Janjgir steel plant,Prakash Industries Ltd,India,Asia Pacific,22.004694,82.671666,1190.0,33.0,5.584621129951399,465552274.1725282,21213349775.643112
P100000121190,Prakash Sponge Iron and Power Challakere steel plant,Prakash Sponge Iron and Power Pvt Ltd,India,Asia Pacific,14.152912,76.665824,0.0,,5.3860517285426575,10655640.702493113,2047193794.313386
P100000120110,Qian an Jiujiang Wire Co Ltd,Qian'an City Jiujiang Wire Co Ltd,China,Asia Pacific,39.952209,118.559444,7079.0,24.0,1.66126262318102,1205952791.2560177,141065190570.20123
P100000120100,Qian an Zhayi Steel Group Co Ltd,Qian'an Zhayi Steel Group Co Ltd,China,Asia Pacific,40.044026,118.552001,1500.0,22.0,0.9180125199360364,722897426.2393645,85031390622.00455
P100000120239,Qingdao Special Iron and Steel Co Ltd,Qingdao Special Iron and Steel Co Ltd,China,Asia Pacific,35.6296,119.722335,4170.0,13.0,1.3649579762102166,431849713.01466113,60132410886.644936
P100001063756,Qinglong Manchu Autonomous County Delong Foundry Development Co Ltd,Qinglong Manzhu Autonomous County Delong Casting Industry Development Co Ltd,China,Asia Pacific,40.427008,119.219855,1350.0,15.87,3.617109868603362,14286152.175898882,1427035663.1484487
P100000120372,Qinhuangdao Baigong Steel Co Ltd,Qinhuangdao Baigong Steel Co Ltd,China,Asia Pacific,39.748773,118.819472,2260.0,20.0,5.086686057891206,1644959560.7920702,72672191442.77571
P100000120152,Qinhuangdao Hongxing Iron and Steel Co Ltd,Qinhuangdao Hongxing Iron & Steel Co Ltd,China,Asia Pacific,39.700721,118.871477,3450.0,24.0,0.8985068001528325,853581286.6142415,68560974920.82874
P100001064261,Qinyang Hongda Iron & Steel Co Ltd,Qinyang Hongda Iron & Steel Co Ltd,China,Asia Pacific,35.184849,112.902248,500.0,23.0,3.5985102340687507,514258504.00895184,124823656868.20844
P100000120304,Quzhou Yuanli Metal Products Co Ltd,Quzhou Yuanli METAL Products Co Ltd,China,Asia Pacific,28.893407,118.867125,0.0,35.0,2.185661388349152,1274727897.9611301,27203898035.221455
P100000120553,Ramsarup Industries Kharagpur steel plant,Ramsarup Industries Ltd,India,Asia Pacific,22.977477,88.457443,0.0,19.0,2.130629685348095,3789988245.8372393,314475804089.9519
P100001025938,Rashmi Green Hydrogen Steel Kharagpur steel plant,Rashmi Green Hydrogen Steel Pvt Ltd,India,Asia Pacific,22.331489,87.398085,,,5.024640726716009,1986124537.7752411,34471063371.01884
P100000120556,Rashmi Metaliks Jamuria steel plant,Rashmi Metaliks Ltd,India,Asia Pacific,23.706343,87.07774,,,3.67933511212911,2472734054.712556,90966959411.0441
P100000120555,Rashmi Metaliks Kharagpur steel plant,Rashmi Metaliks Ltd,India,Asia Pacific,22.360664,87.295932,498.0,22.0,1.6533277219658153,2985882028.961829,21873817125.795933
P100000120531,RINL Vizag Steel plant,Rashtriya Ispat Nigam Ltd,India,Asia Pacific,17.612846,83.191918,7300.0,37.0,2.2029370829498185,4255549611.1018696,33043557653.707237
P100000120240,Rizhao Steel Holding Group Co Ltd,Rizhao Steel Holding Group Co Ltd,China,Asia Pacific,35.16535,119.366672,11300.0,22.77,4.839077713095263,784949051.4879102,47068623702.215385
P100001025819,Rungta Mines Chaliyama steel plant,Rungta Mines Ltd,India,Asia Pacific,22.588359,85.905724,696.0,,5.152348109995507,134689600.47245446,23859923821.60474
P100000120569,Rungta Mines Dhenkanal steel plant,Rungta Mines Ltd,India,Asia Pacific,20.764524,85.299318,206.0,5.0,3.121192129101788,523384374.02003706,13340878105.460146
P100000121186,Rungta Mines Kamanda steel plant,Rungta Mines Ltd,India,Asia Pacific,21.928511,85.223988,347.0,,3.688283038593899,74366526.85200581,9511916974.179846
P100000121185,Rungta Mines Karakhendra steel plant,Rungta Mines Ltd,India,Asia Pacific,22.140174,85.414616,126.0,0.0,4.415588084474715,381858769.2588554,5228640855.248377
P100001025818,Rungta Mines Karakolha sponge iron plant,Rungta Mines Ltd,India,Asia Pacific,22.13237,85.417031,0.0,20.0,4.332530234870426,423843395.00201446,5092571253.651197
P100000120549,SAIL Alloy steel plant,Steel Authority of India Ltd,India,Asia Pacific,23.522882,87.275935,501.0,61.13,2.633458506983315,1554639245.0040002,78865065760.91243
P100000120525,SAIL Bhilai steel plant,Steel Authority of India Ltd,India,Asia Pacific,21.185157,81.394207,6999.0,67.0,3.256743890444558,2864194758.671946,45787503040.21691
P100000120526,SAIL Bokaro steel plant,Steel Authority of India Ltd,India,Asia Pacific,23.671677,86.10687,4652.0,54.0,4.4745710022635405,2059046124.5198247,65360146334.90845
P100000120527,SAIL Durgapur steel plant,Steel Authority of India Ltd,India,Asia Pacific,23.54843,87.245247,2499.0,67.0,3.837304544474008,1051763448.3990381,88372066286.84563
P100000120524,SAIL IISCO steel plant,Steel Authority of India Ltd,India,Asia Pacific,23.673236,86.926179,2499.0,108.0,5.0941437624694546,8192607807.984975,101810490559.81836
P100000120550,SAIL Paradip steel plant,Steel Authority of India Ltd,India,Asia Pacific,20.317455,86.609001,,,3.3176050884685675,1296918868.074968,7501076743.683868
P100001081803,SAIL Ranchi DRI plant,Steel Authority of India Ltd,India,Asia Pacific,23.3356313803427,85.31236535745192,,,4.860873991819264,4723400472.798967,35615414189.29469
P100000120528,SAIL Rourkela steel plant,Steel Authority of India Ltd,India,Asia Pacific,22.210804,84.86895,3282.0,67.0,0.6807175565932813,4251005039.579961,10502560438.89376
P100000120076,Sansteel Minguang Co Ltd Fujian plant,Sansteel Minguang Co Ltd Fujian,China,Asia Pacific,26.261109,117.614709,6799.0,25.0,3.5494008705643405,3154692864.404899,12595378207.224375
P100000121056,Shaanxi Hanzhong Iron & Steel Group Company,Shaanxi Hanzhong Iron & Steel Group Co,China,Asia Pacific,33.132446,106.657646,700.0,25.33,3.150715845839246,554486726.9337088,23461132357.101837
P100000120237,Shaanxi Huaxin Special Steel Group Co Ltd,Shaanxi Huaxin Special Steel Group Co Ltd,China,Asia Pacific,34.523278,109.986042,,24.54,3.2593473086236693,179102021.36746305,25963760592.60079
P100000120234,Shaanxi Longmen Steel Co Ltd,Shaanxi LONG MEN IRON&STEEL Co Ltd,China,Asia Pacific,35.618466,110.575788,3800.0,18.66,3.168585183853422,1050556946.8883605,19596914928.791195
P100000120236,Shaanxi Lueyang Iron and Steel Co Ltd,Shaanxi Lueyang Iron and Steel Co Ltd,China,Asia Pacific,33.323678,106.167206,0.0,22.29,5.222759844859942,32314098.785076372,1316622563.3451722
P100000120235,Shaanxi Steel Group Hanzhong Iron and Steel Co Ltd,Shangang Group Hanzhong Iron & Steel Co Ltd,China,Asia Pacific,33.133192,106.671859,3000.0,16.65,3.5164902620031935,686629951.6960833,24064898543.403503
P100000120162,Shagang Group Anyang Yongxing Special Steel Co Ltd,Shagang Group Anyang Yongxing Iron & Steel Co Ltd,China,Asia Pacific,36.143573,114.149964,2600.0,33.0,3.04815428582906,3691623504.775808,127871220058.78397
P100000121191,Shakambhari Ispat and Power Purulia steel plant,Shakambhari Ispat & Power Ltd,India,Asia Pacific,23.613861,86.789527,660.0,25.0,1.2576366439042856,740366725.9212388,109152199195.43451
P100000120243,Shandong Chuanyang Group Co Ltd,Shandong Chuanyang Group Co Ltd,China,Asia Pacific,36.894784,117.888366,,19.69,2.5005208397285803,3677756121.979178,238058684185.63306
P100000120249,Shandong Fulun Iron and Steel Co Ltd,Fulun Iron & Steel Co Ltd,China,Asia Pacific,36.308447,117.540425,2700.0,22.63,1.869202486058894,792299266.5563575,114060688971.64105
P100000120241,Shandong Guangfu Group Co Ltd,Shandong Guangfu Group Co Ltd,China,Asia Pacific,36.863145,117.616918,,39.0,1.5015264509207127,833477595.0387985,242452202532.58633
P100000121150,Shandong Iron and Steel Co Ltd Laiwu Branch Aishan Street,Shandong Iron and Steel Co Ltd,China,Asia Pacific,36.087717,117.827927,3850.0,5.0,5.272392415208312,1723461254.4344203,44878388744.58603
P100000120337,Shandong Iron and Steel Co Ltd Laiwu Branch Xinxing Road,Shandong Iron and Steel Co Ltd,China,Asia Pacific,36.088504,117.850479,,9.75,4.6175149416303345,645335328.1557405,44601062972.00625
P100000120312,Shandong Iron and Steel Group Rizhao Co Ltd,Shandong IRON&STEEL Group Rizhao Co Ltd,China,Asia Pacific,35.188969,119.383723,8500.0,17.0,2.294462798813951,784949051.4879102,45929732916.669426
P100000120414,Shandong Iron and Steel Group Yongfeng Lingang Co Ltd,Shandong Iron & Steel Group Yongfeng Lingang Corp,China,Asia Pacific,35.137061,119.068319,5400.0,4.69,2.7700477485421593,238915176.01580334,42117531705.909676
P100000120238,Shandong Iron and Steel Group Yongfeng Zibo Co Ltd,Shandong Iron Steel Group Yongfeng Zibo Co Ltd,China,Asia Pacific,36.906036,118.111833,,4.74,3.6442941055905447,5698841287.0221615,238829536839.73828
P100001063692,Shandong Jinguan Metallurgical Technology Co Ltd,Shandong Jinguan Metallurgical Technology Co Ltd,China,Asia Pacific,37.449126,116.396787,2450.0,22.79,2.1787086026790616,9904946687.227655,54142448980.71538
P100000120255,Shandong Laigang Yongfeng Steel Co Ltd,Shandong Laigang Yongfeng Steel Corp,China,Asia Pacific,36.7993,116.8026,,19.55,1.2915894722530519,2781115807.54017,341219898034.86743
P100000120251,Shandong Longsheng Iron and Steel Co Ltd,Shandong Longsheng Iron and Steel Co Ltd,China,Asia Pacific,36.891189,118.187041,,18.07,2.6128110199638597,2852374041.5661826,244038036256.56888
P100000120248,Shandong Luli Steel Co Ltd,Shandong Luli Steel Co Ltd,China,Asia Pacific,36.970875,118.955444,1400.0,33.0,1.4179995356054007,309288577.011094,176714963697.2971
P100000120252,Shandong Minyuan Iron and Steel Co Ltd,Shandong Minyuan Steel & Iron Co Ltd,China,Asia Pacific,36.728409,117.426582,,19.7,3.604506828389961,5882085161.067249,402269814687.9088
P100000120247,Shandong Shouguang Juneng Special Steel Co Ltd,Shandong Shouguang Juneng SPECIAL Steel Co Ltd,China,Asia Pacific,36.939125,118.785598,2850.0,23.21,2.202899415525305,1440684200.7685635,203147798387.9767
P100001063638,Shandong Taigang Xinhai Stainless Steel Co Ltd,Shandong Taigang Xinhai Stainless Steel Co Ltd,China,Asia Pacific,35.228556,119.084178,1860.0,10.07,4.336848727169526,374021532.01611346,57646202837.99932
P100000120245,Shandong Taishan Steel Group Co Ltd,Shandong Taishan Steel Group Co Ltd,China,Asia Pacific,36.22141,117.627728,,57.0,1.4745116641589289,6228848405.062526,86307503713.77719
P100000121146,Shandong Xinhua Special Steel Group Co Ltd,Shandong Xinhua Special Steel Group Co Ltd,China,Asia Pacific,36.256175,116.179833,,18.47,4.701319000547889,783615313.084411,79718378146.97552
P100000120210,Shanghai Meishan Iron and Steel Co Ltd,Shanghai Meishan Iron & Steel Co Ltd,China,Asia Pacific,31.902969,118.61667,7600.0,57.0,3.207909421915274,3051454698.510215,798438574036.0614
P100000120270,Shanxi Changxin Industrial Co Ltd,Shanxi Changxin Industry Co Ltd,China,Asia Pacific,36.326589,113.117181,,37.0,3.945883866809883,2719454994.077153,64393651747.51885
P100000121152,Shanxi Dongfang Hengliu Precision Casting Co,Shanxi Dongfang Hengliu Precision Casting Co,China,Asia Pacific,36.080051,111.647754,,16.04,4.732910835472988,586782703.6351858,47921159945.596924
P100000120268,Shanxi Gaoyi Steel Co Ltd,Shanxi Gaoyi Steel Co Ltd,China,Asia Pacific,35.586841,111.258436,2700.0,29.0,5.198972588569449,2190467911.060826,25637970624.878468
P100000120266,Shanxi Hongda Iron and Steel Group Co Ltd,Shanxi HONGDA Iron and Steel Group Co Ltd,China,Asia Pacific,35.701895,110.786826,2300.0,26.81,0.8387893666985224,250634379.58227268,23358526774.87466
P100000120406,Shanxi Huaqiang Iron and Steel Co Ltd,Shanxi HUAQIANG Iron and Steel Co Ltd,China,Asia Pacific,35.670848,111.378887,0.0,22.84,4.182934545074654,402152281.1129497,35073847421.53947
P100000120267,Shanxi Huaxinyuan Steel and Iron Group Co Ltd,Hejin Huaxinyuan Steel & Iron Co Ltd,China,Asia Pacific,35.605506,110.652056,1150.0,23.12,3.2680692312560757,1208145259.4777637,19695570640.10215
P100000120274,Shanxi Jianlong Industrial Co Ltd,Shanxi Jianlong Industrial Co Ltd,China,Asia Pacific,35.417405,111.303919,4750.0,25.91,4.6844337760555295,384406160.84900844,30763752090.97767
P100000120316,Shanxi Jinnan Iron and Steel Group Co Ltd,Shanxi Jinnan Iron and Steel Group Co Ltd,China,Asia Pacific,35.678541,111.51465,4800.0,12.0,4.1142372794066935,162446633.34105244,50125477159.48524
P100000120262,Shanxi Liheng Steel Co Ltd,Shanxi Liheng Iron and Steel Co Ltd,China,Asia Pacific,35.701541,111.42671,,17.0,2.9535951355327312,747390169.8949468,51410232931.17883
P100000120308,Shanxi Meijin Iron and Steel Co Ltd Dongyu Town,Shanxi Meijin Iron and Steel Co Ltd,China,Asia Pacific,37.571354,112.229791,1700.0,22.32,3.804587373937791,1679834580.032344,393368316266.87976
P100000121151,Shanxi Meijin Iron and Steel Co Ltd Yuanping City,Shanxi Meijin Iron and Steel Co Ltd,China,Asia Pacific,38.7393,112.689086,,,3.826819617311448,2498747960.66294,22363364042.161057
P100000120258,Shanxi Taigang Stainless Steel Co Ltd,Shanxi Taigang Stainless Steel Co Ltd,China,Asia Pacific,37.931488,112.539321,12460.0,27.69,2.992142679487954,24668432523.352684,408798447492.5029
P100000120264,Shanxi Tongcai Industry and Trade Co Ltd,ShanXi TongCai Industry and Trade Co Ltd,China,Asia Pacific,35.694321,111.429381,2780.0,24.0,3.0434266698843238,747390169.8949468,51408765502.28326
P100000121087,Shanxi Tongde Xinghua Special Steel Co Ltd,Shanxi Tongde Xinghua Special Steel Co Ltd,China,Asia Pacific,40.183517,113.305462,2500.0,20.21,2.9979111414585518,353310074.948443,119545146373.24329
P100000120261,Shanxi Xintai Iron and Steel Co Ltd,Shanxi Xintai Iron & Steel Co Ltd,China,Asia Pacific,37.075017,111.985148,3000.0,20.73,4.406110754951084,4334687658.950084,49705081836.35056
P100000120271,Shanxi Zhongsheng Iron and Steel Co Ltd,Shanxi Zhongsheng Iron and Steel Co Ltd,China,Asia Pacific,35.727776,111.330122,0.0,19.32,4.089830989543054,224177109.58702946,52322500679.8203
P100000120259,Shanxi Zhongyang Iron and Steel Co Ltd,Shanxi Zhongyang Iron & Steel Co Ltd,China,Asia Pacific,37.370796,111.161118,3600.0,20.28,3.2256844324355782,320338051.3482251,17046326898.732037
P100001063176,"Shengli (Qingyuan) Steel Products Co., Ltd.",Shengli (Qingyuan) Steel Products Co Ltd,China,Asia Pacific,23.553041,113.119942,1000.0,22.0,1.3658227017206446,1383225148.037752,697901649845.0518
P100001063815,ShiGangJingCheng Equipment Development and Manufacturing Co Ltd,ShiGangJingCheng Equipment Development and Manufacturing Co Ltd,China,Asia Pacific,40.626396,122.38884,1900.0,20.0,1.1782916251677378,758099574.9849542,90563235673.0708
P100000120246,Shiheng Special Steel Group Co Ltd,Shiheng SPECIAL Steel Group Co Ltd,China,Asia Pacific,36.229201,116.533981,4650.0,25.15,2.420645849467648,1341653440.6361408,46870236362.96924
P100001064067,Shijiazhuang Hongsen Melting & Casting Co Ltd,Shijiazhuang Hongsen Melting & Casting Co Ltd,China,Asia Pacific,38.021527,114.916959,0.0,19.47,4.259902091746486,945492196.1136818,374823381016.80383
P100000120103,Shijiazhuang Iron and Steel Co Ltd,Shijiazhuang Iron and Steel Co Ltd,China,Asia Pacific,38.060735,114.560358,,63.0,2.678484148604076,81899035074.2525,371469377682.7924
P100000120322,Shijiazhuang Iron and Steel Co Ltd Special Steel Branch,Shijiazhuang Iron and Steel Co Ltd,China,Asia Pacific,38.075008,114.033043,2000.0,6.0,3.7834884192385756,1532287958.3060682,318774842808.1247
P100000121073,Shiyan Fuyan Iron and Steel Co Ltd,Shiyan Fuyan Iron and Steel Co Ltd,China,Asia Pacific,32.650367,110.654794,,23.0,3.967284540520087,111115982.9373292,25935986563.35463
P100000121074,Shiyan Yunyang District Rongfeng Iron and Steel Co Ltd,Yun County Rongfeng Rolling Mill Factory,China,Asia Pacific,32.738598,110.793269,700.0,15.0,3.3686143178808647,2868377109.874325,25963062787.85427
P100000120275,Shougang Changzhi Iron and Steel Co Ltd,Shougang Changzhi IRON& Steel Co Ltd,China,Asia Pacific,36.356404,113.060809,3600.0,29.94,2.6857961948498628,2449438562.2978115,64402637326.70527
P100000121067,Shougang Guiyang Special Steel Co Ltd,Shougang Guiyang SPECIAL Steel Co Ltd,China,Asia Pacific,26.873592,106.73215,600.0,68.0,2.3674608128652253,264952407.92503846,220934503269.77292
P100000120106,Shougang Jingtang United Iron and Steel Co Ltd,Shougang Jingtang United Iron & Steel Co Ltd,China,Asia Pacific,38.953664,118.50339,13700.0,21.0,3.3501996494589545,102371633.8710309,7413258906.49143
P100000120107,Shougang Qian an Iron and Steel Co Ltd,Beijing Shougang Co Ltd,China,Asia Pacific,39.976702,118.558788,6300.0,24.0,2.510133440352939,1205952791.2560177,138954186720.70343
P100000120096,Shougang Shuicheng Iron and Steel Group Co Ltd,Shougang Shuicheng Iron & Steel (Group) Co Ltd,China,Asia Pacific,26.595229,104.877413,3501.0,60.0,3.319064870439709,2917021785.146939,16564108791.537687
P100001063585,Shougang Yili Iron & Steel Co Ltd,Shougang Yili Iron & Steel Co Ltd,China,Asia Pacific,43.528516,83.276706,0.0,68.0,1.8954446637436861,36347068.67769812,241332122.20395187
P100000121192,Shri Bajrang Power & Ispat Tilda steel plant,Shri Bajrang Power and Ispat Ltd,India,Asia Pacific,21.48619,81.771697,500.0,13.0,3.7235310175643037,450845929.98527956,41929328798.70506
P100000121183,Shyam Metalics Jamuria steel plant,Shyam Metalics and Energy Ltd,India,Asia Pacific,23.693749,87.122711,1144.0,13.0,1.638364421274341,753463000.0749441,90676971142.74748
P100000121184,Shyam Metalics Sambalpur steel plant,Shyam Metalics and Energy Ltd,India,Asia Pacific,21.680344,84.04179,1606.0,20.0,3.11229758098685,263458006.06268016,11635556890.298428
P100000121182,Shyam Steel Mejia steel plant,Shyam Steel Manufacturing Ltd,India,Asia Pacific,23.564157,87.089552,126.0,,4.394285115362776,675556161.7232339,90176027026.44165
P100000121181,Shyam Steel Raghunathpur steel plant,Shyam Steel Industries Ltd,India,Asia Pacific,23.590212,86.724603,420.0,2.0,4.208481955581264,363171012.67553264,113652377106.05936
P100000120377,Sichuan Dazhou Iron and Steel Group Co Ltd,Sichuan Dazhou Iron & Steel Group Co Ltd,China,Asia Pacific,31.18945,107.453099,2300.0,28.89,2.1579450976290953,10197981456.470524,20196406955.79148
P100000120075,Sichuan Desheng Group Vanadium and Titanium Co Ltd,"Sichuan De Sheng Group, Vanadium and Titanium Co Ltd",China,Asia Pacific,29.39798,103.542532,3000.0,29.0,2.5566344579924785,181895609.9521647,33873451061.61892
P100000120375,Sichuan Gangchen Stainless Steel Co Ltd,Sichuan Gangchen Stainless Steel Co Ltd,China,Asia Pacific,29.501044,103.607365,600.0,6.23,4.828581539971719,473439435.8729224,35038962266.712555
P100000121058,Sichuan Shehong Chuanzhong Construction Materials Co Ltd,Sichuan Shehong Chuanzhong Construction Materials Co Ltd,China,Asia Pacific,30.830726,105.367695,550.0,25.89,4.398871816472074,442654217.20127475,32922283845.382465
P100000120320,Sichuan Shengquan Iron and Steel Group Co Ltd,Sichuan Shengquan Iron and Steel Group Co Ltd,China,Asia Pacific,31.255961,104.190612,1000.0,7.46,4.312739150701921,1180067619.3126886,112684606719.79884
P100000121059,Sichuan Yaan Anshan Iron and Steel Co Ltd,Sichuan Ya'an Anshan Iron and Steel Co Ltd,China,Asia Pacific,30.059133,102.625907,830.0,4.91,1.9441282415059993,388037.3015476711,5554818207.0817795
P100000120575,Sunflag Iron and Steel plant,Sunflag Iron and Steel Co Ltd,India,Asia Pacific,21.232929,79.632398,525.0,37.0,2.8403870027206066,158719364.06818208,5103773781.2194805
P100001025670,Surjagad Ispat Gadchiroli steel plant,Surjagad Ispat Pvt Ltd,India,Asia Pacific,19.487201,79.968551,,0.0,3.3839473411769085,1744300.2223284245,229875843.4949792
P100000121193,Swadesh Metallics Simga steel plant,Swadesh Metallics Pvt Ltd,India,Asia Pacific,21.625706,81.705254,,,0.32784290373443403,194558399.93739942,35693400033.64848
P100001063500,Taishan Baofeng Iron & Steel Co Ltd,Taishan Baofeng Iron & Steel Co Ltd,China,Asia Pacific,22.425677,112.788855,520.0,23.0,3.642697764044015,4190029623.921236,245869567970.61572
P100000120147,Tangshan Chunxing Special Steel Co Ltd,Tangshan Chunxing Special Steel Co Ltd,China,Asia Pacific,39.676326,118.427914,,23.5,4.409221771057956,1872854078.2187674,206099096762.2297
P100000120122,Tangshan Delong Iron and Steel Co Ltd,Tangshan DELONG Steel Co Ltd,China,Asia Pacific,39.19256,118.899533,,23.67,2.7468490867605286,218136816.73348233,14548303866.729263
P100000120146,Tangshan Donghai Iron and Steel Group Co Ltd,Tangshan Donghai Iron and Steel Group Co Ltd,China,Asia Pacific,39.748373,118.624794,5499.0,23.0,4.45224302183057,770999040.1643324,196026246423.81082
P100000120108,Tangshan Donghua Iron and Steel Enterprise Group Co Ltd,Tangshan Donghua Iron & Steel Enterprise Group Co Ltd,China,Asia Pacific,39.468366,118.256774,4750.0,17.0,3.1963907238723954,438464931.03294915,216249699745.68045
P100000120128,Tangshan Fengnan District Jing an Iron and Steel Co Ltd,Tangshan Fengnan District Jing'an Iron and Steel Co Ltd,China,Asia Pacific,39.600956,118.358726,2000.0,24.0,3.015187061621278,1597397963.2435653,203789168390.4502
P100000120143,Tangshan Fengnan Kaiheng Iron and Steel Co Ltd,Tangshan Fengnan Kaiheng Iron & Steel Co Ltd,China,Asia Pacific,39.4632,118.247191,,21.0,3.3795054699883176,307330756.7732362,216045522801.844
P100000120118,Tangshan Ganglu Iron and Steel Co Ltd,Tangshan Ganglu Iron & Steel Co Ltd,China,Asia Pacific,40.183913,118.073913,5614.0,24.0,3.8567812049022265,392661136.5966965,42233999162.62849
P100000120379,Tangshan Guotang Steel Co Ltd,Tangshan Guotang Steel Co Ltd,China,Asia Pacific,39.293147,119.046972,3000.0,4.0,0.48532452535640563,658638310.9064554,16753353739.274887
P100000120144,Tangshan Guoyi Special Type Iron and Steel Co Ltd,Tangshan GUOYI SPECIAL Steel Co Ltd,China,Asia Pacific,39.659153,118.411488,,16.0,4.917646608603257,1597397963.2435653,206146703005.88202
P100000120101,Tangshan Iron and Steel Group Co Ltd,TANG Shan Iron and Steel Group Co Ltd,China,Asia Pacific,39.648587,118.212487,,77.0,2.646763040313969,39795139194.13621,204542943420.90775
P100000120124,Tangshan Jianlong Special Steel Co Ltd,Tangshan Jianlong Steel SPECIAL Steel Co Ltd,China,Asia Pacific,40.167686,117.964004,,20.0,4.545372872934065,3405149508.8777,43054429974.424095
P100000120141,Tangshan Jinma Steel Group Co Ltd,Tangshan Jinma Iron & Steel Group Co Ltd,China,Asia Pacific,39.700499,118.456775,,12.0,0.8812791899898501,1872854078.2187674,207174566827.76096
P100000120127,Tangshan Medium Thick Plate Co Ltd,Tangshan Heavy Plate Co Ltd,China,Asia Pacific,39.268452,119.024819,4200.0,20.0,2.960775854853846,658638310.9064554,15989894740.156174
P100000120109,Tangshan Ruifeng Iron and Steel Group Co Ltd,Tangshan RUIFENG Steel and Iron (GROUP) Co Ltd,China,Asia Pacific,39.497472,118.272056,4500.0,24.0,4.666161969689408,438464931.03294915,204625402721.0331
P100001063916,Tangshan Shoutang Baosheng Functional Materials Co Ltd,Tangshan Shoutang Baosheng Functional Materials Co Ltd,China,Asia Pacific,39.751793,118.490004,860.0,19.19,5.194654076802676,1356006637.3997142,205048191414.0522
P100000120112,Tangshan Songting Iron and Steel Co Ltd,Tangshan Songting IRON&STEEL Co Ltd,China,Asia Pacific,39.938866,118.576678,5000.0,57.0,3.6868868945024347,1205952791.2560177,140913398177.9963
P100000121141,Tangshan Stainless Steel Co Ltd,Tangshan Stainless Steel Co Ltd,China,Asia Pacific,39.160401,118.429806,,,4.641974110497237,146526011.7107865,35055495152.88551
P100000120126,Tangshan Stainless Steel Co Ltd Guye District,Tangshan Stainless Steel Co Ltd,China,Asia Pacific,39.730795,118.467608,,23.0,2.6205678957273304,1872854078.2187674,207256117387.07233
P100000120148,Tangshan Wenfeng Special Steel Co Ltd,Tangshan Wenfeng Special Steel Co Ltd,China,Asia Pacific,39.146541,118.432261,2000.0,18.47,3.285404898772473,146526011.7107865,22781684227.578827
P100000120139,Tangshan Xinbaotai Iron and Steel Co Ltd,Tangshan Xinbaotai Iron & Steel Co Ltd,China,Asia Pacific,39.861425,118.03667,,19.0,1.5685510573232346,597616844.3023248,189284991622.72583
P100000120140,Tangshan Xinglong Iron and Steel Co Ltd,Tangshan Xinglong Steel Co Ltd,China,Asia Pacific,39.847612,118.348448,825.0,25.0,3.7961279400539976,178134743.02966222,208474830633.60263
P100000120341,Tangshan Yutian Jinzhou Industrial Co Ltd,Tangshan Yutian Jinzhou Industry Co Ltd,China,Asia Pacific,39.967373,117.857659,700.0,15.0,1.7873409199466188,74159309.89730716,170325733990.32846
P100000120342,Tangshan Zhengfeng Steel Co Ltd,Tangshan Zhengfeng Steel Co Ltd,China,Asia Pacific,39.85271,118.181279,2439.0,22.0,3.387476881958974,2256673828.2882605,209650139300.40198
P100000120546,Tata Metaliks Kharagpur steel plant,Tata Metaliks Ltd,India,Asia Pacific,22.385611,87.287179,0.0,36.0,1.2669044372877256,2985882028.961829,21455915097.899937
P100000120535,Tata Steel Gamharia steel plant,Tata Steel Ltd,India,Asia Pacific,22.812895,86.084022,1200.0,55.0,4.818255357981844,1938665923.5311012,25097205225.51343
P100000120529,Tata Steel Jamshedpur steel plant,Tata Steel Ltd,India,Asia Pacific,22.788598,86.1996,11000.0,114.0,0.9581085239647522,4812182514.970916,24276007050.476078
P100000120530,Tata Steel Kalinganagar steel plant,Tata Steel Ltd,India,Asia Pacific,20.970411,86.015211,8000.0,10.0,3.0577125125369102,864289310.3874147,19407879201.483067
P100000120576,Tata Steel Ludhiana steel plant,Tata Steel Ltd,India,Asia Pacific,30.946888,75.987521,,,3.0604948858393457,1625924942.994734,37809421918.48222
P100000120511,Tata Steel Meramandali steel plant,Tata Steel Ltd,India,Asia Pacific,20.796053,85.260382,5510.0,19.0,3.2884783038392214,523384374.02003706,13005551871.158592
P100000120281,Tianjin Iron and Steel Group Co Ltd,Tianjin Iron and Steel Group Co Ltd,China,Asia Pacific,39.031083,117.499246,6650.0,91.0,3.7244555780154522,7120436820.791538,1196303527670.2786
P100000120280,Tianjin Iron Plant,Tianjin Iron PLANT Co Ltd,China,Asia Pacific,36.58967,113.745792,4870.0,57.0,5.1587622675281635,1279452525.6709294,36221473537.822914
P100000120287,Tianjin Metallurgy Group Zhasan Steel Co Ltd,Tianjin Metallurgy Group Zhasan Steel Co Ltd,China,Asia Pacific,38.825269,117.08849,,11.3,4.89577649415583,805190129.0529438,1044323212522.342
P100000120284,Tianjin New Tiangang United Special Steel Co Ltd,Tianjin Tiangang UNITED SPECIAL Steel Co Ltd,China,Asia Pacific,39.300258,117.800231,4500.0,16.66,1.2065482311065243,10311114379.091043,458744259884.2215
P100000120282,Tianjin Pipe Corporation,Tianjin Pipe Corp,China,Asia Pacific,39.034002,117.486798,3000.0,15.2,2.601988341378262,7120436820.791538,1207711119706.8618
P100000120283,Tianjin Rockcheck Steel Group Co Ltd,Rockcheck Steel Group Co Ltd,China,Asia Pacific,38.970638,117.495794,3250.0,23.08,3.515919420744597,8170303829.634859,1186468591033.9233
P100001023535,Tianjin Rongcheng Group Tangshan Fengrun Special Steel Co Ltd,Tianjin Rongcheng Group Tangshan Special Steel Co Ltd; Tangshan Zhengfeng Steel Co Ltd,China,Asia Pacific,39.85271,118.181279,,2.2,3.387476881958974,2256673828.2882605,209650139300.40198
P100000121081,Tianjin Rongcheng Group Tangshan Special Steel Co Ltd,Tianjin Rongcheng Group Tangshan Special Steel Co Ltd,China,Asia Pacific,39.551552,118.137993,,21.0,1.565046154549953,9710283612.501226,216560206574.58688
P100000120285,Tianjin Tianfeng Steel Co Ltd,Tianjin Tianfeng Steel Co Ltd,China,Asia Pacific,38.832642,117.102765,,19.12,4.94680580707711,805190129.0529438,1046965271896.8866
P100000120288,Tianjin Tianzhong Giant Heavy Industry Co Ltd,Tianjin Tianzhong Giant Heavy Industry Co Ltd,China,Asia Pacific,39.501442,118.719554,,20.51,4.575155816557793,1572778754.3996863,115457023683.70175
P100000120668,Tokyo Steel Kyushu plant,Tokyo Steel Manufacturing Co Ltd,Japan,Asia Pacific,33.881431,130.755978,678.0,54.3,3.371372560893619,39326229999.73937,484286437962.0057
P100000120669,Tokyo Steel Okayama plant,Tokyo Steel Manufacturing Co Ltd,Japan,Asia Pacific,34.515062,133.745525,708.0,63.39,4.512144459492875,12824930411.579533,216031462173.68976
P100000120670,Tokyo Steel Tahara plant,Tokyo Steel Manufacturing Co Ltd,Japan,Asia Pacific,34.702012,137.249114,2600.0,15.72,3.952844507316496,6515425440.511312,684714233439.5554
P100000120671,Tokyo Steel Utsunomiya plant,Tokyo Steel Manufacturing Co Ltd,Japan,Asia Pacific,36.540425,139.993079,800.0,30.3,3.1071568188621725,15052426895.150934,370448974767.21246
P100000120216,Tonghua Iron and Steel Co Ltd,Tonghua Iron & Steel Co Ltd,China,Asia Pacific,41.779125,126.022349,4590.0,19.53,2.1237146827204665,601217158.3271072,11857696146.751667
P100000120072,Tongling Fuxin Iron and Steel Co Ltd,Tongling Fuxin Iron & Steel Co Ltd,China,Asia Pacific,30.907561,117.772866,1350.0,56.0,4.040698528216094,6386761084.181079,42010686733.300064
P100000120356,Tongling Xuanli Special Steel Co Ltd,Tongling City Xuanli Special Steel Co Ltd,China,Asia Pacific,31.062807,117.956015,2700.0,17.0,2.361048708904867,322755495.5135918,78109164554.00464
P100000121137,Tongshan Liguo Iron and Steel Co Ltd,Tongshan Liguo Iron and Steel Co Ltd,China,Asia Pacific,34.55486,117.327039,,19.58,3.556283965813905,261090607.59518936,205644422775.17554
P100000120672,Topy Industries Toyohashi steel plant,Topy Industries Ltd,Japan,Asia Pacific,34.719644,137.322259,960.0,68.0,3.066048272911298,6515425440.511312,697490594104.4661
P100000121194,Uttam Galva Ferrous Bellary steel plant,Uttam Galva Ferous Ltd,India,Asia Pacific,15.184613,76.824905,,,4.436006589342831,354990517.4078579,8961875363.954622
P100001054309,Vardhman Special Steels Ludhiana steel plant,Vardhman Special Steels Limited,India,Asia Pacific,30.890103,75.908673,,,3.625783548161982,2490777403.6033077,39057411518.51495
P100000121205,Vedanta Sesa Goa Pig Iron Plant,Vedanta Iron and Steel Ltd,India,Asia Pacific,15.526866,73.986671,0.0,34.0,3.4532904528159176,607137556.302787,11810837861.605886
P100000120244,Weifang Special Steel Group Co Ltd,Weifang SPECIAL Steel Group Co Ltd,China,Asia Pacific,36.644469,119.238427,,32.28,3.4492095011595847,3368126297.6347632,154895890587.06427
P100001064114,Weining Hengchang Furnace Charge & Casting Co Ltd,Weining Hengchang Furnace Charge & Casting Co Ltd,China,Asia Pacific,26.783556,104.394517,0.0,21.69,2.136929458923729,21953226.651415624,7252642956.087944
P100000120541,Welspun Metallics Anjar Steel plant,Welspun Corp Ltd,India,Asia Pacific,23.112781,70.0866885,288.0,22.0,4.14683127254559,786684238.6823866,5819621780.204546
P100000120296,WISCO Group Kunming Steel Co Ltd Anning Branch,WISCO Group Kunming Steel Co Ltd,China,Asia Pacific,24.947687,102.367394,,9.71,1.4104641841121281,401331048.2710037,286078947010.4763
P100000120297,WISCO Group Kunming Steel Co Ltd Honghe Iron and Steel Company,Honghe Iron and Steel Co Ltd,China,Asia Pacific,23.470733,103.272784,,17.92,2.368675863058285,1145833787.5269697,17481896153.666866
P100000120299,WISCO Group Kunming Steel Co Ltd New District Branch,WISCO Group Kunming Steel Co Ltd,China,Asia Pacific,24.953261,102.378082,0.0,13.83,0.6439360961186502,401331048.2710037,286783849313.4412
P100000120298,WISCO Group Kunming Steel Co Ltd Yuxi Xinxing Steel Company,Yuxi Xinxing Iron & Steel Co Ltd,China,Asia Pacific,24.249024,102.521747,,22.06,4.954977890502676,204193710.09956524,26187943503.026657
P100000121069,WISCO Group Xiangyang Heavy Equipment Materials Co Ltd,WISCO Group Xiangyang Heavy Equipment MATERIALS Co Ltd,China,Asia Pacific,32.10704,112.235621,,27.0,3.25465633671548,6115679576.442959,67308699013.883156
P100000120134,Wu an Mingfang Iron and Steel Co Ltd,Wuan Mingfang Iron & Steel Co Ltd,China,Asia Pacific,36.710754,114.207855,,37.0,0.2725226187702115,6917400988.421546,208899561340.64273
P100000120114,Wu an Yuhua Iron and Steel Co Ltd,Wuan Yuhua Steel Co Ltd,China,Asia Pacific,36.731752,114.098377,,38.0,3.5230269735572444,2791499561.2492723,187609180394.37506
P100000121085,Wu'an Yongcheng Zhuye Co Ltd,Wu'an Yongcheng Zhuye Co Ltd,China,Asia Pacific,36.660278,113.993995,,19.0,5.050866108725979,188809636.46592227,141137557181.9346
P100000120357,Wugang Zhongjia Iron and Steel Co Ltd,Wugang Zhongjia Iron & Steel Co Ltd,China,Asia Pacific,33.29175,113.458011,0.0,24.0,0.03135956473620733,642394331.888709,44849644598.81647
P100000120340,Wuhai Baogang Wanteng Iron and Steel Co Ltd,Wuhai Baogang Wanteng Iron and Steel Co Ltd,China,Asia Pacific,39.855971,106.886647,2000.0,15.0,2.3377938353799306,111523145.34028804,10643778627.3466
P100000120171,Wuhan Iron and Steel Co Ltd,Wuhan Iron and Steel Co Ltd,China,Asia Pacific,30.616222,114.444975,15907.0,67.44,1.6083060331271946,13274108766.720098,944333261744.1309
P100000120174,Wuhan Shunle Stainless Steel Co Ltd,Wuhan Shunle Stainless Steel Co Ltd,China,Asia Pacific,30.394434,114.257701,,27.0,3.909566838873681,11843724400.76606,907501352303.6891
P100000120073,Wuhu Fuxin Iron and Steel Co Ltd,Wuhu Fuxin Iron & Steel Co Ltd,China,Asia Pacific,31.194505,118.067833,2000.0,23.0,2.925399081688212,203072621.1319695,138640037472.02008
P100000120068,Wuhu Xinxing Ductile Iron Pipes Co Ltd,Wuhu Xinxing Ductile Iron Pipes Co Ltd,China,Asia Pacific,31.229893,118.150867,2000.0,23.0,3.43476870235257,1042494789.8844099,136762481121.89561
P100000120354,Wulanhot Steel Co Ltd,Wulanhot Iron & Steel Co Ltd,China,Asia Pacific,46.055685,122.063282,1350.0,26.64,2.28308726848158,3362380016.537606,6946485045.392606
P100000120204,Wuxi Xinsanzhou Steel Co Ltd,Wuxi Xinsanzhou Special Steel Co Ltd,China,Asia Pacific,31.681005,120.251785,,39.84,4.844750001213489,11935089663.247892,1082132786387.247
P100000120161,Wuyang Iron and Steel Co Ltd,Wuyang Iron and Steel Co Ltd,China,Asia Pacific,33.287536,113.474328,5040.0,56.0,1.5560173370436066,642394331.888709,45940915751.15511
P100000120365,Wuzhou Yongda Iron and Steel Co Ltd,Wuzhou Yongda Steel Works Co Ltd,China,Asia Pacific,23.524465,111.2402,,17.0,3.7699677958838915,607979569.3111423,20417062762.104164
P100000120366,Wuzhou Yongda Special Steel Co Ltd,Wuzhou Yongda Special Steel Co Ltd,China,Asia Pacific,23.520307,111.229981,1000.0,15.0,3.2421672845434903,607979569.3111423,20407801262.354763
P100000120263,Xiangfen County Xingyuan Steel Group Co Ltd,Xiangfen County Xingyuan Steel Group Co Ltd,China,Asia Pacific,35.880324,111.387956,,20.2,1.3088453048098352,643103075.7903618,54047494823.95018
P100000120272,Xiangfen County Xinjinshan Special Steel Co Ltd,Xiangfen County XinJinShan Special Steel Co Ltd,China,Asia Pacific,35.934831,111.49707,,23.06,4.357648079856512,517374334.2584018,56180942974.09055
P100000120551,Xindia Steels Koppal plant,Xindia Steels Ltd,India,Asia Pacific,15.293421,76.234947,,,2.8611789477668514,185356174.34875867,6322139360.904126
P100000120116,Xingtai Iron and Steel Co Ltd,Xingtai Iron and Steel Co Ltd,China,Asia Pacific,37.041601,114.452352,,68.0,0.5309265544644721,22537446243.2497,176240772300.8285
P100000121135,Xingtai Iron and Steel Co Ltd Weixian,Xingtai Iron and Steel Co Ltd,China,Asia Pacific,37.032089,115.366112,,,1.3253593285692813,39957715.31269484,29435011347.65576
P100000120233,Xining Special Steel Co Ltd,Xining Special Steel Co Ltd,China,Asia Pacific,36.66856,101.671414,2040.0,28.37,5.513296779620396,3718700727.8378444,83822768126.2421
P100000120155,Xinji Aosen Iron and Steel Group Co Ltd,Xinji AOSEN Steel Group Co Ltd,China,Asia Pacific,37.752351,115.184798,3600.0,24.0,4.836424511050828,215529762.4241828,64977267560.79762
P100000120295,Xinjiang Daan Special Steel Co Ltd,Xinjiang Da'an Special Steel Co Ltd,China,Asia Pacific,42.700465,93.542466,1000.0,14.86,0.8773530073393898,21656190.748155303,9980457684.111929
P100001023534,Xinjiang Ka Steel Group Co,Xinjiang Ka Steel Group Co,China,Asia Pacific,39.142997,76.161589,1000.0,4.25,3.7368391119260935,4239302.117930701,31758442311.131493
P100000120290,Xinjiang Kingtec Steel Co Ltd,Xinjiang KingTec Steel Co Ltd,China,Asia Pacific,42.674192,86.280156,1334.0,22.28,3.911171979931164,93932.5409826021,251813843.39553678
P100000120292,Xinjiang Kunyu Iron and Steel Co Ltd,Xinjiang Kunyu Lron & Steel Co Ltd,China,Asia Pacific,44.404189,84.966753,,14.72,3.313904183669314,499486217.0650745,12385733222.589043
P100000120410,Xinjiang Minxin Iron and Steel Group Minhang Special Steel Co Ltd,Xinjiang Minxin Iron and Steel (Group) Minhang Special Steel Co Ltd,China,Asia Pacific,44.080866,88.417209,1110.0,14.79,5.458636310140869,1337515.1727294303,1371669424.6044357
P100000120291,Xinjiang Tianshan Iron and Steel Bazhou Co Ltd,Xinxing Ductile Iron Pipes Xinjiang Co Ltd,China,Asia Pacific,42.333321,86.302481,2000.0,15.46,4.7163372983324505,31013010.919899933,1715270759.0508802
P100000120294,Xinjiang Xinan Special Steel Co Ltd,Xinjiang Xin'an Special Steel Co Ltd,China,Asia Pacific,44.290299,86.595826,400.0,14.3,2.3270389798942004,2447855.543441533,15657545836.552198
P100000120293,Xinjiang Yili Iron and Steel Co Ltd,Xinjiang Yili Iron and Steel Co Ltd,China,Asia Pacific,43.526808,83.294323,1000.0,68.0,1.6660271384156775,36347068.67769812,241463368.3003911
P100000120214,Xinyu Iron and Steel Group Co Ltd,Xinyu Iron & Steel Corp Ltd,China,Asia Pacific,27.786859,114.921595,11001.0,68.0,3.653297703242714,7022275672.93845,19651076690.366817
P100000120242,Xiwang Metal Science Technology Co Ltd,Xiwang METAL Science Technology Co Ltd,China,Asia Pacific,36.928208,117.694654,,14.01,3.56355847390067,1079457394.0062003,232695916104.6894
P100000120104,Xuanhua Iron and Steel Group Co Ltd,Xuanhua Iron and Steel Group Co Ltd,China,Asia Pacific,40.589591,115.090889,,102.0,4.877941688632675,1534319950.0774214,57329878465.450134
P100000120200,Xuzhou Baofeng Special Steel Co Ltd,Xuzhou Baofeng Special Steel Co Ltd,China,Asia Pacific,34.364872,117.322633,,11.94,3.0571235546535114,1369908468.9113462,168260403648.45685
P100000120381,Xuzhou Jinhong Iron and Steel Group Co Ltd,Xuzhou Jinhong Iron and Steel Group Co Ltd,China,Asia Pacific,34.500122,116.908897,1000.0,25.58,5.5663642218047755,62626478.12289046,187294549550.29538
P100000120208,Xuzhou Taifa Special Steel Group Co Ltd,Xuzhou TaiFa Special Steel Technology Co Ltd,China,Asia Pacific,34.448514,117.271876,,16.0,2.1177680242184986,279149401.67212856,184912723193.8974
P100000120673,Yamato Steel Himeji Plant,Yamato Steel Co Ltd,Japan,Asia Pacific,34.783319,134.604616,700.0,65.0,2.0800866978602564,11107163158.787853,363252708713.5595
P100000120310,Yancheng Lianxin Iron and Steel Co Ltd,Yancheng Lianxin Steel Co Ltd,China,Asia Pacific,33.211332,120.774892,2410.0,68.0,6.201156628285804,47191425.791021824,10314664470.55297
P100000120088,Yangchun New Steel Co Ltd,Yangchun New Iron & Steel Co Ltd,China,Asia Pacific,22.084904,111.642187,2400.0,19.0,4.797198454985135,126961940.125218,17881519600.432796
P100000121048,Yangzhou Hengrun Ocean Heavy Industry Co Ltd,Yangzhou Hengrun Ocean Heavy Industry Co Ltd,China,Asia Pacific,32.249602,119.620438,3300.0,13.36,4.608886593432734,1835372768.9161925,346386815621.02826
P100000120203,Yangzhou Qinyou Special Metal Materials Co Ltd,Yangzhou Qinyou Special Metal Materials Co Ltd,China,Asia Pacific,32.838703,119.425236,2400.0,24.7,5.084007436843395,361408387.5824465,65227295256.339325
P100000120253,Yantai Walsin Stainless Steel Co Ltd,Yantai Walsin Stainless Steel Co Ltd,China,Asia Pacific,37.548627,121.277488,1400.0,18.92,1.4702403897536767,18963550948.945488,103069575604.10121
P100000121032,Yazdani Steel and Power Kalinganagar steel plant,Yazdani Steel and Power Ltd,India,Asia Pacific,20.928285,86.036604,110.0,23.0,3.382333327578996,864289310.3874147,20857299864.444664
P100000121075,Yichang Fulong Iron and Steel Co Ltd,Yichang Fulong Iron & Steel Co Ltd,China,Asia Pacific,30.586332,111.398846,,,4.8678123696281945,3382709142.716387,49031892696.54453
P100000120230,Yingkou Iron and Steel Co Ltd,Yingkou Iron & Steel Co Ltd,China,Asia Pacific,40.664651,122.415057,2800.0,15.23,5.55527484255533,758099574.9849542,91724084080.72388
P100000120301,Yunnan Desheng Iron and Steel Co Ltd,Yunnan Desheng Steel Co Ltd,China,Asia Pacific,25.142516,102.077727,1350.0,25.47,4.119584479996027,179784996.6136446,10286556831.679462
P100000120353,Yunnan Jingye Steel Co Ltd,Yunnan Jingye Steel Co,China,Asia Pacific,25.023852,102.312086,,2.5,2.8559115646047935,59127258.8221577,273368730295.38803
P100001063458,Yunnan Muguang Industry and Trade Co Ltd,Yunnan Muguang Industry and Trade Co Ltd,China,Asia Pacific,24.077079,102.771634,850.0,12.3,4.431981200085102,106654789.90736285,24764533471.467373
P100001063508,Yunnan Qujing Iron & Steel Group Yue Steel Iron & Steel Co Ltd,Yunnan Qujing Iron & Steel Group Yue Steel Iron & Steel Co Ltd,China,Asia Pacific,25.304544,103.889418,,56.0,2.0374594012609553,135064897.5047968,26809329967.739597
P100000120302,Yunnan Qujing Iron and Steel Group Chenggang Iron and Steel Co Ltd,Yunnan Qujing Iron and Steel Group Chenggang Iron and Steel Co Ltd,China,Asia Pacific,25.45543,103.547242,2600.0,12.5,0.6461816384617239,240153183.6302977,27315578270.089233
P100000120303,Yunnan Qujing Iron and Steel Group Fenghuang Steel Co Ltd,Yunnan Qujing Iron and Steel Group Co Ltd,China,Asia Pacific,26.275342,104.168311,1400.0,12.55,4.383672777641329,54580293.24053438,5195450857.674727
P100000120407,Yunnan Qujing Iron and Steel Group Yanggang Iron and Steel Co Ltd,Yunnan Qujing Iron and Steel Group Yanggang Iron and Steel Co Ltd,China,Asia Pacific,25.308777,103.876391,,4.89,1.907713811875312,135064897.5047968,26784939965.360577
P100001061536,Yunnan Qujing Shuangyou Iron and Steel Co Ltd,Yunnan Qujing Shuangyou Iron and Steel Co Ltd,China,Asia Pacific,25.54218,103.781041,,14.0,1.0675776517085436,7472321818.171346,24787706325.18446
P100000120352,Yunnan Tiangao Nickel Alloy Co Ltd,YunNan Province Tiangao Nickel Alloy Co Ltd,China,Asia Pacific,24.80128,104.063455,500.0,16.16,2.4453921787721606,229330969.90024498,5339333692.55721
P100000120300,Yunnan Yuxi Iron and Steel Group Yukun Iron and Steel Co Ltd,Yunnan Yuxi Iron and Steel Group Yukun Iron and Steel Co Ltd,China,Asia Pacific,24.465884,102.543682,7042.0,12.09,0.8640191461034965,932314590.9645125,42865030197.98117
P100000120321,Yunnan Yuxi Xianfu Iron and Steel Group Co Ltd,Yunnan Yuxi Xianfu Iron and Steel (Group) Co Ltd,China,Asia Pacific,24.012309,102.186364,2980.0,24.53,3.954082704828338,20949106.01836089,5917754914.752478
P100001061571,Yuxi Huixi Metal Casting Products Co Ltd,Yuxi Huixi Metal Casting Products Co Ltd,China,Asia Pacific,24.360481,102.481118,850.0,19.71,2.81647811778207,1153461107.3559847,31282113440.836994
P100001063460,Yuxi Iron and Steel Group Zhenfei Iron and Steel Co Ltd,Yuxi Iron and Steel Group Zhenfei Iron and Steel Co Ltd,China,Asia Pacific,24.074756,102.765983,,6.46,4.509810417472746,106654789.90736285,24702589529.404434
P100000120193,Zenith Steel Group Co Ltd,Zenith Steel Group Co Ltd,China,Asia Pacific,31.707656,120.079591,3700.0,24.39,3.588345811081181,18149919723.49238,923723675752.135
P100000120332,Zenith Steel Group Nantong Co Ltd,Zenith Steel Group (Nantong) Co Ltd,China,Asia Pacific,32.133954,121.513173,5850.0,4.0,10.60716307493412,1230988127.1191046,66690061129.080475
P100000121084,Zhejiang Tsingshan Iron and Steel Co Ltd,Zhejiang TSINGSHAN IRON&STEEL Co Ltd,China,Asia Pacific,28.136096,120.380401,500.0,21.8,1.3426872893351054,1195110580.909999,265337971447.7025
P100000120408,Zhejiang Wantai Special Steel Co Ltd,Zhejiang Wantai Special Steel Co Ltd,China,Asia Pacific,30.944342,120.971803,1200.0,22.54,2.0174997961412733,3208888731.268896,1491385171958.7524
P100000120404,Zhejiang Yuxin Industrial Co Ltd,Zhejiang Yuxin Industrial Co Ltd,China,Asia Pacific,28.787202,120.248592,1100.0,25.24,3.9545226140470437,511578477.6555888,51311817316.48659
P100000121068,Zhengzhou Yongtong Special Steel Co Ltd,Zhengzhou YONGTONG SPECIAL Steel Co Ltd,China,Asia Pacific,34.64443,112.937985,,29.0,2.8519589185619103,349309237.1561481,163207599567.30643
P100000121082,Zhenshi Group Eastern Special Steel Co Ltd,Zhenshi Group EASTERN SPECIAL Steel Co Ltd,China,Asia Pacific,30.720411,120.898518,,54.0,2.6188182769070427,2908351559.15047,510427950908.4181
P100000120129,Zhongpu Handan Iron and Steel Co Ltd,Zhongpu (Handan) Iron and Steel Co Ltd,China,Asia Pacific,36.721376,113.910271,2250.0,23.0,3.4623039789130634,296202759.7826058,51650204158.49052
P100000120209,Zhongxin Iron and Steel Group Co Ltd,Zhongxin Iron and Steel Group Co Ltd,China,Asia Pacific,34.368618,118.31556,5400.0,22.34,2.304879353682833,2852869883.3872247,72875646565.90677
P100000120346,Zhongye Dongfang Jiangsu Heavy Industry Co Ltd,BERIS Jiangsu Heavy Industry Co Ltd,China,Asia Pacific,32.104319,119.792126,2000.0,16.33,2.3000291398439265,178113102.28059617,595157528493.2195
P100000120086,Zhuhai Yueyufeng Iron and Steel Co Ltd,Zhuhai Yueyufeng IRON&STEEL Co Ltd,China,Asia Pacific,21.96092,113.198718,3051.0,24.0,18.27175881470926,2524762539.6796427,53451341505.72573
P100000121079,Zibo Qilin Fushan Iron and Steel Co Ltd,Zibo Qilin Fushan Steel Co Ltd,China,Asia Pacific,36.887998,118.145416,,18.33,2.320825735687381,5698841287.0221615,238583756138.21915
P100001063593,Zijin County Dongri Casting Co Ltd,Zijin County Dongri Foundry Co Ltd,China,Asia Pacific,23.356612,114.769565,720.0,16.0,3.0447273146780356,12925770.443472354,125946921004.5538
P100000120403,Zunyi Changling Special Steel Co Ltd,Zunyi Changling Special Steel Co Ltd,China,Asia Pacific,27.614947,106.949752,825.0,22.0,1.4015624883458497,3047624310.877063,45219639605.75884
P100000120359,Zunyi Fuxin Special Steel Equipment Manufacturing Co Ltd,Zunyi County Fuxin Iron & Steel Product Co Ltd,China,Asia Pacific,27.591697,106.815453,,33.0,4.382503258462616,288427354.33009654,47452877237.39896
