GEM plant ID,Plant name (English),Owner,Country/area,Region,Latitude,Longitude,Capacity (ttpa),Plant age
P100000120882,Aba Iron and Steel Payas plant,ABA Çelik Demir LŞ,Türkiye,Europe,36.747413,36.21733,1100.0,43.0
P100000120753,Abba Steel Ohangwena steel plant,Abba Steel Ltd,Namibia,Africa,-17.397866,15.891022,,1.0
P100000120802,Abinsk Electric Steel Works,Abinski Elektrometallurgicheski Zavod LLC,Russia,Eurasia,44.881938,38.12751,1600.0,12.0
P100000120020,Abul Khair Steel Sitakunda plant,Abul Khair Steel Ltd,Bangladesh,Asia Pacific,22.472008,91.734827,1400.0,11.0
P100000120620,Acciaierie d'Italia Taranto steel plant,Acciaierie d'italia SpA,Italy,Europe,40.508993,17.207589,,61.0
P100000120634,Acciaierie Venete Borgo Valsugana steel plant,Acciaierie Venete SpA,Italy,Europe,46.049182,11.440394,600.0,47.0
P100000120636,Acciaierie Venete Padua steel plant,Acciaierie Venete SpA,Italy,Europe,45.419168,11.906625,600.0,35.0
P100000120635,Acciaierie Venete Sarezzo steel plant,Acciaierie Venete SpA,Italy,Europe,45.648691,10.209114,540.0,59.0
P100000120005,Aceria Angola Bengo steel plant,Ada - Aceria De Angola SA,Angola,Africa,-8.5824,13.405271,500.0,11.0
P100000121029,Acerinox Columbus Stainless steel plant,Columbus Stainless (Pty) Ltd,South Africa,Africa,-25.796313,29.497972,850.0,60.0
P100000120454,Acerinox Europa Los Barrios steel plant,Acerinox Europa SAU,Spain,Europe,36.181686,-5.426626,1200.0,56.0
P100000120768,Aceros Arequipa Pisco steel plant,Corporacion Aceros Arequipa SA,Peru,Central & South America,-13.788622,-76.168173,1250.0,39.0
P100001045296,Action Ispat and Power Jharsuguda steel plant,Action Ispat and Power Pvt Ltd,India,Asia Pacific,21.839759,83.982227,375.0,
P100001025815,Adhunik Metaliks Kuanrmunda steel plant,Adhunik Metaliks Ltd,India,Asia Pacific,22.308371,84.763584,500.0,22.81
P100000120757,African Natural Resources and Mines Kaduna steel plant,African Natural Resources & Mines Ltd,Nigeria,Africa,9.462715,7.368,0.0,1.45
P100000120624,AFV Accaierie Beltrame Vicenza steel plant,AFV Acciaierie Beltrame SpA,Italy,Europe,45.522097,11.499295,1200.0,50.0
P100000121240,AFV Donalam Targoviste steel plant,Donalam SRL,Romania,Europe,44.904569,25.458124,,53.0
P100000120423,AG der Dillinger Hüttenwerke Dillingen steel plant,AG der Dillinger Hüttenwerke AG,Germany,Europe,49.353884,6.746603,,57.0
P100000120494,AG Sidegua Masagua steel plant,Corporación AG SA,Guatemala,Central & South America,14.232007,-90.815444,500.0,32.0
P100000120782,Agha Steel Industries Karachi plant,Agha Steel Industries Ltd,Pakistan,Asia Pacific,24.841851,67.310159,450.0,14.14
P100000121224,Ahya Steel Folad Baft Company DRI plant,Ahya Steel Folad Baft Co,Iran,Middle East,29.289109,56.490707,0.0,7.0
P100000120644,Aichi Steel Chita plant (Tokai),Aichi Steel Corp,Japan,Asia Pacific,35.044558,136.900772,1495.0,83.0
P100000120756,Ajaokuta Steel plant,Ajaokuta Steel Co Ltd,Nigeria,Africa,7.511336,6.689364,,
P100000121166,Aktobe Generatsiya steel plant,Aktobe Generatsiya LLC,Kazakhstan,Eurasia,50.355117,57.145119,,0.05
P100000120840,Al Atoun Yanbu steel plant,Al Atoun Steel Industries,Saudi Arabia,Middle East,24.029,38.180077,,
P100000120835,Al Ittefaq Arab Steel Dammam plant,Arab Steel Co,Saudi Arabia,Middle East,26.277917,49.949177,2600.0,37.0
P100000120836,Al Ittefaq National Steel Dammam plant,National Steel Co,Saudi Arabia,Middle East,26.244786,49.969064,1000.0,22.0
P100000121248,Al Qaryan steel plant,Al Qaryan Steel Co,Saudi Arabia,Middle East,26.280741,49.956755,350.0,9.0
P100000120446,Al-Ezz Dekheila Steel Alexandria plant,Al Ezz Dekheila Steel Company Alexandria SAE,Egypt,Africa,31.123467,29.80987,3340.0,40.0
P100000120905,Alchevsk Metallurgical Plant,Alchevsk Metallurgical Plant PJSC,Ukraine,Europe,48.478111,38.770787,5472.0,130.0
P100000120623,Alfa Acciai Brescia steel plant,Alfa Acciai SpA,Italy,Europe,45.508698,10.248464,2000.0,71.0
P100000120637,Alfa Acciai Catania steel plant,Acciaierie di Sicilia SpA,Italy,Europe,37.438448,15.03287,500.0,28.0
P100000120439,Algerian Qatari Steel Jijel plant,Algerian Qatari Steel,Algeria,Africa,36.753961,6.24442,2100.0,9.0
P100000120059,Algoma steel plant,Algoma Steel Group Inc,Canada,North America,46.518984,-84.374068,1850.0,125.0
P100000120750,Alliance Steel Kuantan plant,Alliance Steel (M) Sdn Bhd,Malaysia,Asia Pacific,4.007595,103.344458,3500.0,9.0
P100001063588,Alter Steel Pinkenba steel plant,Equest Steel Pty Ltd,Australia,Asia Pacific,-27.42083,153.127715,,
P100000120998,Alton Steel plant,Alton Steel Inc,United States,North America,38.884465,-90.14579,,23.0
P100000120724,Altos Hornos De Mexico SA (AHMSA) steel plant,Altos Hornos de Mexico SAB de CV,Mexico,North America,26.876889,-101.416612,,82.0
P100001064479,Amir Azerbaijan Steel plant,AFA Steel,Iran,Middle East,46.843697,46.843697,500.0,5.0
P100000121247,Amirkabir Arak Steel plant,Amir Kabir Arak Steel Co,Iran,Middle East,34.083379,49.752451,,
P100000121232,Amreli Steels Dhabeji plant,Amreli Steels Ltd,Pakistan,Asia Pacific,24.800326,67.504851,600.0,15.0
P100000120803,Amurstal steel plant,Amurstal LLC,Russia,Eurasia,50.563131,136.976362,1150.0,84.0
P100000120163,Angang Group Xinyang Iron and Steel Co Ltd,"Xinyang Iron & Steel Co.,ltd of Angang Group",China,Asia Pacific,32.488704,114.038243,3600.0,55.0
P100000120089,Angang Lianzhong Stainless Steel Co Ltd,Angang Lianzhong Stainless Steel Corp,China,Asia Pacific,23.126822,113.505817,1900.0,25.0
P100000120219,Angang Steel Co Ltd,Angang Steel Co Ltd,China,Asia Pacific,41.148267,122.983054,20650.0,27.43
P100000120220,Angang Steel Co Ltd Bayuquan branch,Angang Steel Co Ltd,China,Asia Pacific,40.308494,122.13079,7500.0,20.0
P100000120070,Anhui Changjiang Steel Co Ltd,Anhui Changjiang Steel Co Ltd,China,Asia Pacific,31.502272,118.465162,3800.0,23.0
P100000120071,Anhui Guihang Special Steel Co Ltd,Anhui Guihang Special Steel Co Ltd,China,Asia Pacific,30.531068,117.251147,2700.0,15.89
P100000120391,Anhui Jin an Stainless Steel Casting Co Ltd,Anhui Jin'an Stainless Steel Foundry Co Ltd,China,Asia Pacific,31.763956,115.924372,500.0,4.0
P100000120417,Anhui Jingxian Longxin Iron and Steel Co Ltd,Anhui Jingxian Longxin Iron and Steel Co Ltd,China,Asia Pacific,30.709058,118.436638,500.0,18.0
P100000120402,Anhui Langxi Hongtai Iron and Steel Co Ltd,Anhui Langxi County Fuhang Steel Co Ltd,China,Asia Pacific,31.246635,119.120443,1000.0,24.0
P100001025923,Anhui Lixin Special Steel Co Ltd,"Guangde Xinyuanda Metal Products Co., Ltd. Co Ltd",China,Asia Pacific,31.0494162,119.5296269,500.0,14.24
P100000120313,Anhui Shoukuang Dachang Metal Material Co Ltd,Anhui Shoukuang Dachang Metal Material Co Ltd,China,Asia Pacific,32.329171,115.954963,3000.0,16.0
P100000120748,Ann Joo Integrated Steel Penang plant,Ann Joo Integrated Steel Sdn Bhd,Malaysia,Asia Pacific,5.380391,100.377598,900.0,19.0
P100000120749,Ann Joo Steel Selangor plant,Ann Joo Steel Bhd,Malaysia,Asia Pacific,3.042585,101.537011,820.0,65.0
P100000120231,Anshan Baode Iron and Steel Co Ltd,Anshan Baode Iron & Steel Co Ltd,China,Asia Pacific,41.173613,122.945501,1800.0,26.73
P100000120509,Anshan Iron and Steel Central Sulawesi steel plant,Anshan Iron and Steel Group Co Ltd,Indonesia,Asia Pacific,-4.244263,122.371221,,
P100000120221,Ansteel Group Chaoyang Steel and Iron Co Ltd,Angang Steel Co Ltd,China,Asia Pacific,41.528945,120.369983,2100.0,18.59
P100000120170,Anyang Huixin Special Steel Co Ltd,Anyang Huixin Special Steel Co Ltd,China,Asia Pacific,36.152418,114.15839,,21.0
P100000120160,Anyang Iron and Steel Co Ltd,Anyang Iron & Steel Co Ltd,China,Asia Pacific,36.122129,114.283145,0.0,68.0
P100000120166,Anyang Xinpu Steel Co Ltd,Anyang Xinpu Steel Co Ltd,China,Asia Pacific,36.163203,114.296223,,20.41
P100000120029,Aperam Stainless Belgium Châtelet steel plant,Aperam Stainless Belgium NV,Belgium,Europe,50.414998,4.532443,1000.0,50.0
P100000120028,Aperam Stainless Belgium Genk steel plant,Aperam Stainless Belgium NV,Belgium,Europe,50.933973,5.511494,1200.0,56.0
P100000120053,Aperam Timóteo steel plant,Aperam Inox America do Sul SA,Brazil,Central & South America,-19.531272,-42.639979,900.0,77.0
P100000121217,Arabian Gulf Steel Industries Abu Dhabi plant,Arabian Gulf Steel Industries Selling Port LLC,United Arab Emirates,Middle East,24.283335,54.463384,600.0,18.0
P100000120006,ArcelorMittal Acindar Villa Constitución steel plant,Acindar Industria Argentina de Aceros SA,Argentina,Central & South America,-33.249936,-60.300415,2000.0,80.0
P100000120459,ArcelorMittal Asturias (Aviles) steel plant,ArcelorMittal España SA,Spain,Europe,43.554741,-5.87259,4200.0,76.0
P100000120452,ArcelorMittal Asturias (Gijón) steel plant,ArcelorMittal España SA,Spain,Europe,43.525092,-5.731926,1200.0,55.0
P100000120050,ArcelorMittal Barra Mansa steel plant,ArcelorMittal Brasil SA,Brazil,Central & South America,-22.525806,-44.191067,800.0,89.0
P100000120532,ArcelorMittal Bellary steel plant,ArcelorMittal SA,India,Asia Pacific,15.139498,76.918417,,
P100000120426,ArcelorMittal Bremen steel plant,ArcelorMittal Bremen GmbH,Germany,Europe,53.133305,8.688193,3960.0,69.0
P100000120997,ArcelorMittal Calvert steel plant,AM/NS Calvert LLC,United States,North America,31.148446,-87.990521,1500.0,1.0
P100000120785,ArcelorMittal Dąbrowa Górnicza steel plant,ArcelorMittal Poland SA,Poland,Europe,50.342417,19.285037,5001.0,50.0
P100000120714,ArcelorMittal Differdange steel plant,ArcelorMittal SA,Luxembourg,Europe,49.527966,5.900398,1350.0,130.0
P100000120058,ArcelorMittal Dofasco steel plant,ArcelorMittal Dofasco GP,Canada,North America,43.269255,-79.804858,1350.0,114.0
P100000120428,ArcelorMittal Duisburg steel plant,ArcelorMittal Duisburg GmbH,Germany,Europe,51.462987,6.744612,,174.0
P100000120472,ArcelorMittal Dunkerque steel plant,ArcelorMittal Atlantique et Lorraine SAS,France,Europe,51.041274,2.292948,6750.0,63.0
P100000120425,ArcelorMittal Eisenhüttenstadt steel plant,ArcelorMittal Eisenhüttenstadt GmbH,Germany,Europe,52.168649,14.623473,2400.0,76.0
P100000120715,ArcelorMittal Esch-Belval steel plant,ArcelorMittal SA,Luxembourg,Europe,49.504175,5.993759,1250.0,115.0
P100000120475,ArcelorMittal Florange steel plant,ArcelorMittal Atlantique et Lorraine SAS,France,Europe,49.331722,6.143107,,112.0
P100000120027,ArcelorMittal Gent steel plant,ArcelorMittal SA,Belgium,Europe,51.169929,3.804462,5200.0,60.0
P100000120427,ArcelorMittal Hamburg steel plant,ArcelorMittal Hamburg GmbH,Germany,Europe,53.522601,9.900749,1100.0,57.0
P100000120045,ArcelorMittal Juiz de Fora steel plant,ArcelorMittal Brasil SA,Brazil,Central & South America,-21.626963,-43.462361,1100.0,42.0
P100000120786,ArcelorMittal Kraków steel plant,ArcelorMittal Poland SA,Poland,Europe,50.083849,20.096306,,66.0
P100000120906,ArcelorMittal Kryvyi Rih steel plant,ArcelorMittal Kryvyi Rih PJSC,Ukraine,Europe,47.874411,33.392993,1083.0,92.0
P100000120725,ArcelorMittal Lázaro Cárdenas steel plant,ArcelorMittal México SA de CV,Mexico,North America,17.930688,-102.201498,6500.0,49.29
P100001081899,ArcelorMittal Mauritania green steel plant,ArcelorMittal SA; Société Nationale Industrielle et Minière SA,Mauritania,Africa,19.513799,-10.553879,,
P100000120473,ArcelorMittal Méditerranée Fos sur Mer steel plant,ArcelorMittal Méditerranée SAS,France,Europe,43.43283,4.887166,2550.0,52.0
P100000120035,ArcelorMittal Monlevade steel plant,ArcelorMittal Brasil SA,Brazil,Central & South America,-19.832129,-43.130164,1200.0,89.0
P100000120057,ArcelorMittal Montreal steel plant,ArcelorMittal Long Products Canada GP,Canada,North America,45.835148,-73.254957,2400.0,112.0
P100000121027,ArcelorMittal Newcastle Steel Works,ArcelorMittal South Africa Ltd,South Africa,Africa,-27.705376,30.014063,,54.84
P100001025671,ArcelorMittal Nippon Steel Anakapalle steel plant,ArcelorMittal Nippon Steel India Ltd,India,Asia Pacific,17.407103,82.723183,,
P100001025669,ArcelorMittal Nippon Steel Gadchiroli steel plant,ArcelorMittal Nippon Steel India Ltd,India,Asia Pacific,20.168486,79.987119,,
P100000120513,ArcelorMittal Nippon Steel Hazira plant,ArcelorMittal Nippon Steel India Ltd,India,Asia Pacific,21.112377,72.647304,9600.0,31.0
P100000120573,ArcelorMittal Nippon Steel Kendrapara plant,ArcelorMittal Nippon Steel India Ltd,India,Asia Pacific,20.71042,86.282806,,
P100000121178,ArcelorMittal Nippon Steel Paradip plant,ArcelorMittal Nippon Steel India Ltd,India,Asia Pacific,20.284771,86.658266,,
P100000120458,ArcelorMittal Olaberria-Bergara (Olaberria) steel plant,Arcelormittal Olaberria-Bergara SL,Spain,Europe,43.03829,-2.219625,1450.0,34.0
P100000120040,ArcelorMittal Pecém steel plant,ArcelorMittal Brasil SA,Brazil,Central & South America,-3.585917,-38.858932,3046.0,10.0
P100000120041,ArcelorMittal Piracicaba steel plant,ArcelorMittal Brasil SA,Brazil,Central & South America,-22.698154,-47.657146,1100.0,71.0
P100000120036,ArcelorMittal Resende steel plant,ArcelorMittal Brasil SA,Brazil,Central & South America,-22.493597,-44.512628,1000.0,17.0
P100000121030,ArcelorMittal Saldanha Steel Works,ArcelorMittal South Africa Ltd,South Africa,Africa,-32.97952,18.023228,,28.0
P100000120453,ArcelorMittal Sestao steel plant,Arcelormittal Sestao SL,Spain,Europe,43.313144,-2.998964,2000.0,124.0
P100000120719,ArcelorMittal Sonasid Jorf Lasfar steel plant,ArcelorMittal SA,Morocco,Africa,33.136529,-8.603555,800.0,21.0
P100000120970,ArcelorMittal Texas DRI plant,ArcelorMittal SA,United States,North America,27.888929,-97.282062,0.0,8.39
P100000120034,ArcelorMittal Tubarão steel plant,ArcelorMittal Tubarão Comercial SA,Brazil,Central & South America,-20.253447,-40.242298,7500.0,43.0
P100000121028,ArcelorMittal Vanderbijlpark Steel Works,ArcelorMittal South Africa Ltd,South Africa,Africa,-26.657367,27.82231,3360.0,72.38
P100000120790,ArcelorMittal Warszawa steel plant,Arcelormittal Warszawa SP zoo,Poland,Europe,52.291337,20.917302,750.0,69.0
P100000120607,Ardakan Steel Yazd plant,Ardakan Steel Complex Co,Iran,Middle East,32.373942,53.759655,0.0,14.0
P100000120597,Arfa Iron and Steel Yazd plant,Arfa Iron and Steel Co,Iran,Middle East,32.39309,53.7566,1000.0,14.89
P100001063425,Arian Steel Fath Abad plant,Arian Steel Co,Iran,Middle East,35.744901,50.222553,240.0,25.0
P100000120568,Arjas Steel Tadipatri plant,Arjas Steel Pvt Ltd,India,Asia Pacific,14.873471,78.048425,1005.0,13.3
P100000120841,Arkan Steel Jeddah plant,Dar Al Arkan Real Estate Development Company SJSC,Saudi Arabia,Middle East,21.524005,39.240633,,
P100000120590,Arvand Jahanara Steel Khouzestan plant,Arvand Jahanara Steel Co,Iran,Middle East,30.510886,48.241356,1200.0,4.0
P100000120604,Arvand Kaveh Steel Khoramshahr plant,Arvand Kaveh Steel Co,Iran,Middle East,30.505458,48.272024,,
P100001045594,ASEAN Steel Hoa Phu steel plant,Asean Steel JSC,Vietnam,Asia Pacific,12.59912,107.93922,500.0,
P100000120825,Ashinskiy Metallurgical plant,Ashinskiy Metzavod PJSC,Russia,Eurasia,54.99484,57.277548,1000.0,126.0
P100001080915,Asia United Steel plant,Asia United Steel,Kazakhstan,Eurasia,43.600662,76.317112,,
P100000120891,Asil Celik Orhangazi steel plant,Asil Celik Sanayi ve Ticaret AŞ,Türkiye,Europe,40.42752,29.270141,730.0,47.0
P100000120564,Atibir Industries Bhorandiha steel plant,Atibir Industries Co Ltd,India,Asia Pacific,24.145239,86.334999,0.0,17.0
P100000120046,AVB Açailândia steel plant,Aco Verde do Brasil SA,Brazil,Central & South America,-4.874373,-47.4073517,600.0,11.0
P100000120067,AZA Colina steel plant,Aceros AZA SA,Chile,Central & South America,-33.294729,-70.727881,520.0,26.68
P100000121043,Azerbaijan Integrated Steel Mill Complex,Azerbaijan Integrated Steel Mill Complex,Azerbaijan,Eurasia,40.721908,46.363526,,
P100001061353,Azerbaijan Metal Company Shamkir HBI plant,Azerbaijan Metal Company LLC,Azerbaijan,Eurasia,40.8217502,46.0170067,,
P100000120605,Azna Steel Lorestan plant,Azna Steel,Iran,Middle East,33.464353,49.391373,,5.97
P100000120907,Azovstal Iron and Steel Works,MK Azovstal' PrAT,Ukraine,Europe,47.094724,37.596862,,
P100000120606,Bafgh Mineral Complex Iron and Steel Yazd plant,Bafgh Mineral Complex Iron & Steel Co,Iran,Middle East,31.699307,55.440187,1200.0,5.0
P100000120384,Baicheng Fuda Bar Rolling Co Ltd,Baicheng Fuda Bar Rolling Co Ltd,China,Asia Pacific,45.593303,122.895588,788.0,16.31
P100000120016,Baku Steel Company steel plant,Baku Steel Company QSC,Azerbaijan,Eurasia,40.43136,49.886867,800.0,25.0
P100000120817,Balakovo Steel Plant,MZ Balakovo JSC,Russia,Eurasia,51.936009,47.81591,1250.0,13.0
P100001023581,Baldota Koppal steel plant,Baldota Steel and Power Ltd,India,Asia Pacific,15.332616,76.206778,,0.0
P100000120864,Bangkok Steel Industry Samut Prakan steel plant,Bangkok Steel Industry PCL,Thailand,Asia Pacific,13.647672,100.553882,600.0,62.0
P100000120256,Baoshan Iron and Steel Co Ltd Headquarters,Baoshan Iron & Steel Co Ltd,China,Asia Pacific,31.41623,121.440087,19800.0,49.0
P100000120779,BaoSteel and SteelAsia Philippines steel plant,SteelAsia Manufacturing Corp,Philippines,Asia Pacific,12.585909,123.207423,,
P100000120336,Baosteel Desheng Stainless Steel Co Ltd,Baosteel Desheng Stainless Steel Co Ltd,China,Asia Pacific,26.48747,119.654461,3220.0,15.0
P100000120289,Baosteel Group Xinjiang Bayi Iron and Steel Co Ltd,Baosteel Group Xinjiang Bayi Iron & Steel Co Ltd,China,Asia Pacific,43.852147,87.304639,7300.0,30.34
P100000120257,Baosteel Special Steel Co Ltd,Baosteel Special Metals Co Ltd,China,Asia Pacific,31.379422,121.484652,,65.41
P100000120085,Baosteel Zhanjiang Iron and Steel Co Ltd,Baosteel Zhanjiang Iron & Steel Co Ltd,China,Asia Pacific,21.056035,110.48657,14328.0,15.0
P100000121076,Baotou Baoxin Special Steel Co Ltd,Baotou Baoxin Special Steel Co Ltd,China,Asia Pacific,41.362925,110.988771,,17.39
P100000121143,Baotou Da'an Iron and Steel Co Ltd Kundulun District,Baotou DA AN IRON&STEEL Co Ltd,China,Asia Pacific,40.715119,109.821653,,
P100000120186,Baotou Daan Iron and Steel Co Ltd Hondlon District,Baotou DA AN IRON&STEEL Co Ltd,China,Asia Pacific,40.662343,109.698333,,22.81
P100000121142,Baotou Deshun Special Steel Co Ltd,Baotou Deshun Spec. Steel Co Ltd,China,Asia Pacific,40.9019,110.336253,,18.9
P100000120172,Baowu Group Echeng Iron and Steel Co Ltd,Baowu Group Echeng Iron & Steel Co Ltd,China,Asia Pacific,30.39574,114.861313,4971.0,68.0
P100000121040,BAP Al-Khair steel plant,Public Investment Fund (Saudi Arabia); Baoshan Iron & Steel Co Ltd; Saudi Arabian Oil Co,Saudi Arabia,Middle East,27.502597,49.180369,,0.0
P100000120019,Bashundhara Steel Mirsarai plant,Bashundhara Multi Steel Industries Ltd,Bangladesh,Asia Pacific,22.719278,91.470382,,0.0
P100000120223,Bengang Steel Plates Co Ltd,Bengang Steel Plates Co Ltd,China,Asia Pacific,41.274132,123.722099,12400.0,28.65
P100000120435,Benteler Steel Tube Lingen plant,Benteler Steel/Tube GmbH,Germany,Europe,52.467622,7.317169,650.0,52.0
P100000120224,Benxi Beiying Iron and Steel Group Co Ltd Beitai Town,Benxi Beiying Iron & Steel (GROUP) Co Ltd,China,Asia Pacific,41.224814,123.608374,2600.0,23.88
P100000121253,BER-PIG Iron and Steel Company Redcliff plant,Berhard Development Corporation (Private) Ltd,Zimbabwe,Africa,-19.055102,29.782424,,1.55
P100001062088,Bhagyalaxmi Metals Mul steel plant,Bhagyalaxmi Metals Pvt Ltd,India,Asia Pacific,20.088919,79.71792,,
P100000120002,BILDCO Abu Dhabi steel plant,Abu Dhabi National for Building Materials Co PJSC,United Arab Emirates,Middle East,24.37872,54.475153,1000.0,
P100000120471,Blastr Inkoo steel plant,Blastr Green Steel AS,Finland,Europe,60.0175,23.9126,,0.0
P100000120761,BlueScope New Zealand Steel Glenbrook,New Zealand Steel Ltd,New Zealand,Asia Pacific,-37.206878,174.728098,650.0,57.0
P100000120937,BlueScope North Star Steel plant,North Star BlueScope Steel Ltd,United States,North America,41.568783,-84.048129,3034.0,30.0
P100000120012,BlueScope Port Kembla steel plant,BlueScope Steel Ltd,Australia,Asia Pacific,-34.463834,150.886191,3200.0,98.0
P100000120995,BlueScope Steel EAF plant,BlueScope Steel Ltd,United States,North America,39.815712,-101.275181,,
P100000120512,BMM Ispat Danapur steel plant,BMM Ispat Ltd,India,Asia Pacific,15.16972,76.37971,2208.0,20.0
P100000120617,Bonab Steel Complex,Bonab Steel Complex,Iran,Middle East,37.417437,46.035778,1000.0,21.0
P100001061667,BPA Metallics Raigarh steel plant,BPA Metallics Pvt Ltd,India,Asia Pacific,21.926993,83.374089,,
P100000120483,British Steel Scunthorpe plant,British Steel Ltd,United Kingdom,Europe,53.580827,-0.616509,,162.0
P100000121223,British Steel Teesside plant,British Steel Ltd,United Kingdom,Europe,54.589435,-1.133055,,
P100000120022,BSRM Ltd Mirsarai steel plant,Bangladesh Steel Re-Rolling Mills Ltd,Bangladesh,Asia Pacific,22.870631,91.545862,1150.0,9.72
P100000120021,BSRM Steels Mirsarai plant,BSRM Steels Ltd,Bangladesh,Asia Pacific,22.873774,91.545562,770.0,7.0
P100000120592,Butia Iranian Steel Kerman plant,Butia Iranian Steel Co,Iran,Middle East,30.4912,56.8214,1500.0,15.0
P100000120056,Byelorussian Steel Works,BMZ-Upravlyayushchaya Kompaniya Kholdinga BMK JSC,Belarus,Europe,52.849321,29.988985,3000.0,42.0
P100001047724,Cag Celik steel plant,Çağ Çelik Iron and Steel Inc,Türkiye,Europe,41.23542,32.645679,,
P100000121154,Cambodia Iron and Steel Preah Vihear Plant,Cambodia Iron & Steel Mining Industry Group Co Ltd,Cambodia,Asia Pacific,13.366642,105.118129,,
P100000120125,Cangzhou China Railway Equipment Manufacture Material Co Ltd,Cangzhou China Railway Equipment Manufacturing Materials Co Ltd,China,Asia Pacific,38.289221,117.814367,7500.0,20.0
P100000120385,Cangzhou Lingang Sanling Metal Co Ltd,Cangzhou Lingang Sanling Metal Co Ltd,China,Asia Pacific,38.311738,117.457779,1000.0,31.0
P100000120066,CAP Acero Huachipato steel plant,Compania Siderurgica Huachipato SA,Chile,Central & South America,-36.746421,-73.129171,,74.71
P100001082544,Captain Steel Debipur steel plant,Captain Steel India Ltd,India,Asia Pacific,23.782149607591688,86.83591234561024,208.0,4.0
P100001023577,Captain Steel Garbeta steel plant,Captain Steel India Ltd,India,Asia Pacific,22.855859,87.345018,,0.0
P100000120984,Cascade Steel Rolling Mills,Cascade Steel Rolling Mills Inc,United States,North America,45.228035,-123.163599,860.0,58.0
P100000120892,Cebitas steel plant,Çebitaş Demir Çelik Endüstrisi AŞ,Türkiye,Europe,38.74074,26.951743,860.0,37.0
P100000120456,Celsa Barcelona Castellbisbal steel plant,Compania Espanola de Laminacion SL,Spain,Europe,41.454855,1.980107,2500.0,69.0
P100000120474,Celsa France Boucau steel plant,Celsa France SAS,France,Europe,43.529693,-1.500971,1200.0,61.0
P100000120462,Celsa Global Steel Wire Santander plant,Global Steel Wire SA,Spain,Europe,43.445344,-3.839228,750.0,127.0
P100000120788,Celsa Huta Ostrowiec steel plant,Celsa Huta Ostrowiec SP zoo,Poland,Europe,50.947305,21.448763,1220.0,213.0
P100000120467,Celsa Nervacero steel plant,Nervacero SA,Spain,Europe,43.30806,-3.026309,1000.0,55.0
P100000120784,Century Steel Khyber plant,Century Steel Pte Ltd,Pakistan,Asia Pacific,34.072714,72.141584,,
P100000120690,Ch'ollima Steel Complex steel plant,Government of North Korea,North Korea,Asia Pacific,38.926348,125.582628,752.0,70.0
P100000120687,Ch'ŏngjin Ironworks steel plant,Government of North Korea,North Korea,Asia Pacific,41.777936,129.792399,2000.0,84.0
P100000121225,Chadormalu Mining and Industrial Company Yazd steel plant,Chadormalu Mining & Industrial Co,Iran,Middle East,32.387328,53.747706,1200.0,9.0
P100001023452,Chan May green steel plant,unknown,Vietnam,Asia Pacific,16.3354,108.0248,,
P100001064089,Changli Xingguo Precision Machinery Co Ltd,Changli Xingguo Precision Machinery Co Ltd,China,Asia Pacific,39.704921,118.897417,0.0,30.47
P100000120194,Changshu Longteng Special Steel Co Ltd,Changshu Longteng Special Steel Co Ltd,China,Asia Pacific,31.723833,120.835685,3203.0,31.75
P100000120265,Changzhi Xingbao Steel Co Ltd,Lucheng Xingbao Iron & Steel Co Ltd,China,Asia Pacific,36.332449,113.15509,1900.0,22.85
P100000120201,Changzhou Eastern Special Steel Co Ltd,Changzhou Dongfang Special Steel Co Ltd,China,Asia Pacific,31.602554,119.724256,3300.0,16.09
P100000120986,Charter Steel Cleveland plant,Charter Manufacturing Co Inc,United States,North America,41.443147,-81.659911,635.0,20.0
P100000120985,Charter Steel Saukville plant,Charter Manufacturing Co Inc,United States,North America,43.400533,-87.9482,570.0,35.0
P100000120105,Chengde Iron and Steel Group Co Ltd,Chengde Street Ltd,China,Asia Pacific,40.947707,117.719747,8000.0,72.0
P100000120123,Chengde Jianlong Special Steel Co Ltd,Chengde Jianlong SPECIAL Steel Co Ltd,China,Asia Pacific,40.515035,117.596071,4400.0,25.0
P100000120154,Chengde Shengfeng Iron and Steel Co Ltd,Chengde Shengfeng Iron & Steel Co Ltd,China,Asia Pacific,40.622466,118.490845,,17.0
P100000120153,Chengde Zhaofeng Steel Group Co Ltd,Chengde Zhaofeng Steel Group Co Ltd,China,Asia Pacific,40.593875,118.633334,,19.0
P100000120329,Chengdu Changfeng Iron and Steel Group Co Ltd,Chengdu Changfeng Steel Group Co Ltd,China,Asia Pacific,31.031921,103.672956,1500.0,56.0
P100000120279,Chengyu Vanadium and Titanium Technology Co Ltd,Chengyu Vanadium & Titanium Technology Co Ltd,China,Asia Pacific,29.732143,104.504339,4050.0,19.46
P100000120183,Chifeng Yuanlian Steel Co Ltd,Chifeng Yuanlian Steel Co Ltd,China,Asia Pacific,42.278115,119.015289,2450.0,23.53
P100000120327,Chifeng Zhongtang Special Steel Co Ltd,Chifeng Zhongtang Special Steel Co Ltd,China,Asia Pacific,41.834064,119.281883,2700.0,4.0
P100000120686,China Baowu Phnom Penh steel plant,Xinjiang Bayi Steel Southern Xinjiang Steel Baicheng Co Ltd,Cambodia,Asia Pacific,11.56703,104.863893,,
P100000120897,China Steel Xiaogang steel plant,China Steel Corp,Taiwan,Asia Pacific,22.555442,120.349252,10000.0,55.0
P100000121041,Chizhou Guichi Guihang Metal Products Co Ltd,Chizhou Guichi Guihang Metal Products Co Ltd,China,Asia Pacific,30.532786,117.25166,1000.0,26.0
P100000120286,Chongli Steel Manufacturing Co Ltd,Chongli Steel Manufacturing Co Ltd,China,Asia Pacific,36.602468,113.755744,,14.0
P100000120074,Chongqing Iron and Steel Co Ltd,Chongqing Iron & Steel Co Ltd,China,Asia Pacific,29.790253,107.040368,8400.0,29.0
P100001064274,Chongqing Pengcheng Steel Co Ltd,Chongqing Pengcheng Steel Co Ltd,China,Asia Pacific,29.259699,106.214031,520.0,27.67
P100000120409,Chongqing Yonghang Steel Group Co Ltd,Chongqing Yonghang Steel Group Co Ltd,China,Asia Pacific,29.836163,106.988138,700.0,23.0
P100001064279,Chongqing Yuxi Iron & Steel (Group) Co Ltd,Chongqing Yuxi Iron & Steel (Group) Co Ltd,China,Asia Pacific,29.488759,105.862658,260.0,25.97
P100000120317,Chongqing Zuhang Iron and Steel Co Ltd,Chongqing Zuhang Steel Co Ltd,China,Asia Pacific,29.440056,105.741929,,18.0
P100000121168,Chow Steel Kabinburi steel plant,Chow Steel Industries PCL,Thailand,Asia Pacific,14.074757,101.84215,730.0,21.0
P100000120683,Chubu Steel Plate Nagoya plant,Chubu Steel Plate Co Ltd,Japan,Asia Pacific,35.118836,136.867567,800.0,67.0
P100000120923,Cleveland-Cliffs Burns Harbor steel plant,Cleveland-Cliffs Inc,United States,North America,41.631221,-87.143846,5001.0,62.0
P100000120919,Cleveland-Cliffs Butler steel plant,Cleveland-Cliffs Inc,United States,North America,40.845524,-79.921452,908.0,118.0
P100000120927,Cleveland-Cliffs Cleveland steel plant,Cleveland-Cliffs Inc,United States,North America,41.464041,-81.676499,4100.0,113.0
P100000120924,Cleveland-Cliffs Coatesville steel plant,Cleveland-Cliffs Inc,United States,North America,39.977819,-75.824512,800.0,216.0
P100000120920,Cleveland-Cliffs Dearborn steel plant,Cleveland-Cliffs Inc,United States,North America,42.308171,-83.161353,,106.0
P100000120926,Cleveland-Cliffs Indiana Harbor steel plant,Cleveland-Cliffs Inc,United States,North America,41.669553,-87.438429,6800.0,125.0
P100000120061,Cleveland-Cliffs Lake Erie steel plant,Cleveland-Cliffs Inc,Canada,North America,42.805448,-80.095313,2500.0,46.0
P100000120971,Cleveland-Cliffs Mansfield Works,Cleveland-Cliffs Inc,United States,North America,40.790123,-82.526239,546.0,102.0
P100000120921,Cleveland-Cliffs Middletown steel plant,Cleveland-Cliffs Inc,United States,North America,39.488589,-84.386197,3000.0,125.0
P100000120922,Cleveland-Cliffs Riverdale steel plant,Cleveland-Cliffs Inc,United States,North America,41.657321,-87.625702,,109.0
P100000120925,Cleveland-Cliffs Steelton steel plant,Cleveland-Cliffs Inc,United States,North America,40.23072,-76.838506,,160.0
P100000120969,Cleveland-Cliffs Toledo DRI plant,Cleveland-Cliffs Inc,United States,North America,41.672816,-83.477833,0.0,6.0
P100000120991,CMC Alabama steel plant,Commercial Metals Co,United States,North America,33.534372,-86.75773,653.0,32.0
P100000120994,CMC Arizona steel plant,Commercial Metals Co,United States,North America,33.285828,-111.586561,890.0,17.0
P100000120992,CMC South Carolina steel plant,Commercial Metals Co,United States,North America,33.962272,-81.052011,776.0,34.0
P100000120989,CMC Steel Florida plant,Commercial Metals Co,United States,North America,30.282907,-81.978735,617.0,52.0
P100000120990,CMC Steel New Jersey plant,Commercial Metals Co,United States,North America,40.478824,-74.321187,653.0,32.0
P100000120929,CMC Steel Texas plant,Commercial Metals Co,United States,North America,29.577459,-98.032017,943.0,44.0
P100000120993,CMC Tennessee steel plant,Commercial Metals Co,United States,North America,35.978104,-83.956572,544.0,26.0
P100001061378,CMC West Virginia steel plant,Commercial Metals Co,United States,North America,39.5515843,-77.897771,,1.0
P100000120787,CMC Zawiercie steel plant,CMC Poland SP zoo,Poland,Europe,50.487463,19.456759,1700.0,125.0
P100000120503,CNR Mandan Steel South Kalimantan plant,PT Mandan Steel,Indonesia,Asia Pacific,-3.339296,115.927125,1000.0,12.0
P100000120867,Colakoglu Metallurgical Dilovasi steel plant,Çolakoğlu Metalürji AŞ,Türkiye,Europe,40.768409,29.529979,4500.0,57.0
P100000121215,Companhia Siderurgica do Cuchi pig iron plant,Companhia Siderurgica do Cuchi SA,Angola,Africa,-14.650166,16.925606,0.0,2.47
P100001045282,Crest Steel and Power Mangatta steel plant,Crest Steel and Power Pvt Ltd,India,Asia Pacific,21.190313,81.19922,96.0,21.13
P100000120434,CSN Stahlwerk Thüringen Unterwellenborn steel plant,Stahlwerk Thueringen GmbH,Germany,Europe,50.654574,11.43745,1100.0,148.0
P100000120039,CSN Volta Redonda steel plant,Companhia Siderúrgica Nacional SA,Brazil,Central & South America,-22.512631,-44.11287,6251.0,80.0
P100000121010,CVG Briquetera de Venezuela DRI plant,Matesi,Venezuela,Central & South America,8.300159,-62.780136,,26.0
P100000121008,CVG Briquetera del Caroní DRI plant,Corporacion Venezolana de Guayana,Venezuela,Central & South America,8.290142,-62.805419,0.0,35.23
P100000121007,CVG Briquetera del Orinoco DRI plant,Briquetera del Orinoco CA,Venezuela,Central & South America,8.274965,-62.819282,0.0,26.0
P100000121005,CVG Comsigua DRI plant,Complejo Siderurgico de Guayana CA,Venezuela,Central & South America,8.297662,-62.780149,0.0,28.0
P100000121006,CVG Ferrominera Orinoco DRI plant,CVG Ferrominera Orinoco CA,Venezuela,Central & South America,8.33468,-62.728842,0.0,36.0
P100000121170,DaehanSteel Noksan steel plant,Daehan Steel Co Ltd,South Korea,Asia Pacific,35.099098,128.860339,1000.0,18.22
P100000120645,Daido Steel Chita plant (Tokai),Daido Steel Co Ltd,Japan,Asia Pacific,35.016404,136.864744,1500.0,64.0
P100000120621,Danieli ABS Pozzuolo del Friuli steel plant,Acciaierie Bertoli Safau SpA,Italy,Europe,46.008483,13.255117,1500.0,213.0
P100000120202,Danyang Longjiang Steel Co Ltd,Danyang Longjiang Steel Co Ltd,China,Asia Pacific,32.027791,119.57706,1500.0,22.59
P100000120376,Daye Huaxin Industrial Co Ltd,Daye Huaxin Industrial Co Ltd,China,Asia Pacific,30.070219,114.926251,,23.0
P100000120173,Daye Special Steel Co Ltd,Daye SPECIAL Steel Co Ltd,China,Asia Pacific,30.204603,115.125838,3420.0,19.0
P100000121072,Daye Xinye Special Steel Co Ltd,natural person(s); Hubei Xinxin Steel Group Co Ltd,China,Asia Pacific,30.067469,114.934091,1200.0,26.0
P100000120911,DCH Dnipro Metallurgical Plant,Dnipro Metallurgical Plant PJSC,Ukraine,Europe,48.48079,34.978097,,139.0
P100000120726,DEACERO Celaya steel plant,DeAcero SAPI de CV,Mexico,North America,20.518556,-100.925556,2300.0,28.0
P100000120730,DEACERO Ramos Arizpe steel plant,DeAcero SAPI de CV,Mexico,North America,25.511162,-100.961848,2200.0,40.0
P100000120121,Delong Steel Co Ltd,DELONG Steel Ltd,China,Asia Pacific,37.086116,114.384832,3000.0,26.0
P100000121213,Delta Steel Mill Al Qalyubia plant,Delta Steel Mills Co,Egypt,Africa,30.11843,31.281264,500.0,79.0
P100000120438,Deutsche Edelstahlwerke steel plant,Deutsche Edelstahlwerke GmbH,Germany,Europe,50.922844,8.024006,600.0,99.0
P100001063160,Devki Group Tororo steel plant,Devki Group,Uganda,Africa,0.681522,34.178037,,
P100000120685,Devki Steel Mills Kwale plant,Devki Steel Mills Ltd,Kenya,Africa,-3.788806,39.316741,1000.0,4.0
P100000120504,Dexin Steel Morowali plant,Dexin Steel Pte Ltd,Indonesia,Asia Pacific,-2.829514,122.174896,7000.0,6.0
P100000120868,Diler Iron and Steel Dilovasi plant,Diler Demir Celik Endustri ve Ticaret AŞ,Türkiye,Europe,40.783161,29.533568,1300.0,42.0
P100000121031,Dinson Chivhu iron and steel plant,Dinson Iron & Steel Company Pvt Ltd,Zimbabwe,Africa,-18.940658,30.608968,600.0,1.72
P100001082556,Dniprospetstaal Zaporizhzhia steel plant,Dniprospetsstal Plant PJSC,Ukraine,Europe,47.8599249,35.1613272,1000.0,92.0
P100000120832,Donelektrostal Shakhty steel plant,Donelektrostal LLC,Russia,Eurasia,47.740352,40.18942,,
P100000120910,Donetsk Metallurgical Plant,Tekhnologicheskiye Investitsii LLC,Ukraine,Europe,47.982276,37.810634,,24.0
P100000120227,Dongbei Special Steel Group Dalian Special Steel Co Ltd,Dongbei Special Steel Group Dalian Special Steel Co Ltd,China,Asia Pacific,39.193697,122.057788,2695.0,57.0
P100000120693,Dongkuk Steel Incheon steel plant,Dongkuk Steel Mill Co Ltd,South Korea,Asia Pacific,37.486465,126.638607,2200.0,54.0
P100000120694,Dongkuk Steel Pohang steel plant,Dongkuk Steel Mill Co Ltd,South Korea,Asia Pacific,36.00147,129.397609,1400.0,35.0
P100001063403,Dongyuan Dongnan Industrial Co Ltd,Dongyuan Dongnan Industrial Co Ltd,China,Asia Pacific,24.038397,114.873435,720.0,16.89
P100000120898,Dragon Steel Taichung steel plant,Dragon Steel Corp,Taiwan,Asia Pacific,24.226897,120.493911,6081.0,33.0
P100000121209,DST Nghi Son steel plant,DST Nghi Son Iron and Steel JSC,Vietnam,Asia Pacific,19.367379,105.675841,,
P100000120640,Duferco Travi e Profilati San Zeno Naviglio steel plant,Duferco Travi e Profilati SpA,Italy,Europe,45.478363,10.209234,950.0,22.0
P100000120901,E Top Metal Changhua steel plant,E-Top Metal Co Ltd,Taiwan,Asia Pacific,24.167872,120.505482,600.0,23.0
P100000120747,Eastern Steel Kemaman plant,Eastern Steel Sdn Bhd,Malaysia,Asia Pacific,4.285062,103.432551,2700.0,11.0
P100000120826,Ecolant steel plant,Ecolant LLC,Russia,Eurasia,55.286989,42.169516,,0.0
P100000120869,Ege Steel Aliaga plant,Ege Celik Endustrisi Sanayi ve Ticaret AŞ,Türkiye,Europe,38.728005,26.940095,1200.0,25.0
P100000120443,Egyptian American Steel Rolling Company Sadat City plant,Egyptian American Steel Rolling Company SAE,Egypt,Africa,30.389174,30.571894,1200.0,28.0
P100000120444,Egyptian Iron & Steel Company Cairo plant,Egyptian Iron & Steel Co,Egypt,Africa,29.774458,31.312013,,64.0
P100000120445,Egyptian Sponge Iron and Steel Company Sadat City plant,Egyptian Sponge Iron & Steel Company SAE,Egypt,Africa,30.393079,30.58773,3000.0,18.0
P100000120450,Egyptian Steel Ain Sokhna plant,Egyptian Steel Group,Egypt,Africa,29.64769,32.2789,830.0,8.0
P100000120451,Egyptian Steel Beni Suef plant,Egyptian Steel Group,Egypt,Africa,29.15243,31.24911,830.0,8.0
P100000120870,Ekinciler Iron and Steel Iskenderun plant,Ekinciler Demir ve Celik Sanayi AŞ,Türkiye,Europe,36.690115,36.205739,1250.0,37.0
P100000121233,Ekos Steel Dukem plant,Ekos Steel Mill PLC,Ethiopia,Africa,8.781155,38.932065,,8.0
P100001042874,El Fouladh Steel Plant,Government of Tunisia,Tunisia,Africa,37.13763,9.81281,200.0,64.0
P100000121251,Electra iron plant,Electrasteel Inc,United States,North America,40.06301,-105.221982,,
P100000120534,Electrosteel Bokaro steel plant,ESL Steel Ltd,India,Asia Pacific,23.632907,86.293671,1500.0,20.0
P100000121207,Electrosteel Castings Srikalahasthi steel plant,Electrosteel Castings Ltd,India,Asia Pacific,13.717188,79.630588,0.0,32.0
P100000120001,Emsteel Abu Dhabi steel plant,Emsteel Building Materials PJSC,United Arab Emirates,Middle East,24.322033,54.467987,3500.0,23.0
P100000121100,Eqlid Steel Pars plant,Eqlid Pars Steel Co,Iran,Middle East,30.944867,52.892849,,
P100000120871,Erdemir Eregli steel plant,Eregli Demir ve Celik Fabrikalari AŞ,Türkiye,Europe,41.261469,31.420106,3801.0,61.0
P100001025570,ERG Baowu Rudny HBI plant,Eurasian Resources Group SARL; China Baowu Steel Group Co Ltd,Kazakhstan,Eurasia,52.9775332,63.1825737,,
P100000120436,ESF Elbe Stahlwerke Feralpi Riesa steel plant,ESF Elbe-Stahlwerke Feralpi GmbH,Germany,Europe,51.3128,13.280386,1400.0,34.0
P100000120580,Esfahan Steel Isfahan plant,Esfahan Steel Co,Iran,Middle East,32.418304,51.331314,3600.0,55.0
P100000121153,ESM Mutún steel plant,Empresa Siderúrgica del Mutún SA,Bolivia,Central & South America,-19.137325,-57.880605,200.0,0.97
P100000120842,Essar Ras Al Khair steel plant,Essar Global Fund Ltd,Saudi Arabia,Middle East,27.544749,49.208103,,
P100000120744,Esteel Antara Labuan iron plant,Antara Steel Mills Sdn Bhd,Malaysia,Asia Pacific,5.253839,115.242717,0.0,42.0
P100000120743,Esteel Eden Flame Johor steel plant,Eden Flame Sdn Bhd,Malaysia,Asia Pacific,1.451512,103.917306,1050.0,33.0
P100000121208,Esteel Sabah steel plant,Esteel Enterprise Sabah Sdn Bhd,Malaysia,Asia Pacific,6.104211,116.202218,,0.0
P100000120442,ETRHB Annaba steel plant,ETRHB Industrie SpA,Algeria,Africa,36.834412,7.45494,,
P100000121195,Evonith Metallics Wardha steel plant,Evonith Metallics Ltd,India,Asia Pacific,20.704605,78.620293,0.0,32.0
P100000121236,Evonith Value Steel Wardha steel plant,Evonith Metallics Ltd,India,Asia Pacific,20.696412,78.638548,1080.0,56.0
P100000120811,Evraz NTMK steel plant,Evraz NTMK JSC,Russia,Eurasia,57.922851,60.033543,4400.0,86.0
P100000120822,Evraz ZSMK steel plant,Evraz ZSMK JSC,Russia,Eurasia,53.88618,87.257618,7619.0,94.0
P100000120177,Ezhou Hongtai Steel Co Ltd,Ezhou Hongtai Steel Co Ltd,China,Asia Pacific,30.532352,114.747597,,22.75
P100000120447,Ezz Flat Steel Ain Sokhna plant,Al Ezz Flat Steel Company SAE,Egypt,Africa,29.692045,32.322117,2880.0,28.0
P100000120448,Ezz Steel Rebar Sadat City plant,Ezz Steel Co,Egypt,Africa,30.382179,30.563029,900.0,32.0
P100000121226,F&F Steel Erbil plant,F&F Steel,Iraq,Middle East,36.113741,43.979714,600.0,12.47
P100001043026,Faizan Steel Karachi steel plant,Faizan Steel,Pakistan,Asia Pacific,24.897652,66.985678,365.0,16.0
P100000120371,Fangchenggang Jinxi Steel Technology Co Ltd,Fangchenggang Jinxi Steel Technology Co Ltd,China,Asia Pacific,21.646525,108.369582,,
P100000120211,Fangda Special Steel Technology Co Ltd,Fangda Special Steel Technology Co Ltd,China,Asia Pacific,28.645441,115.99204,2800.0,67.55
P100000121101,Fasa Steel Complex Fars,Fasa Steel Complex Co,Iran,Middle East,28.977453,53.867836,,
P100000120899,Feng Hsin Taichung Steel plant,Feng Hsin Steel Co Ltd,Taiwan,Asia Pacific,24.31287,120.712774,1800.0,55.0
P100001063598,Fengshun Changsheng Special Steel Casting Co Ltd Qingyuan Branch,Fengshun Changsheng Precision Steel Casting Co Ltd,China,Asia Pacific,23.507015,112.953822,620.0,17.0
P100001063602,Fengshun County Agricultural Machinery Continuous Casting Co,Fengshun County Agricultural Machinery Continuous Casting Co,China,Asia Pacific,23.748318,116.13985,720.0,22.85
P100001063619,Fengshun County Dongfang Metal Continuous Casting Co Ltd,Fengshun County Dongfang Metal Casting Co Ltd,China,Asia Pacific,23.749104,116.138262,930.0,22.6
P100001063490,Fengshun County Hongbao Industrial Co Ltd,Fengshun County Hongbao Industrial Co Ltd,China,Asia Pacific,23.720136,115.949449,720.0,32.93
P100001063483,Fengshun Yongshun Continuous Casting Plant,Fengshun Yongshun Continuous Casting Plant,China,Asia Pacific,23.747173,116.126241,720.0,19.27
P100000120632,Feralpi Calvisano steel plant,Acciaierie di Calvisano SpA,Italy,Europe,45.371651,10.331967,600.0,54.0
P100000120626,Feralpi Siderurgica Lonato steel plant,Feralpi Siderurgica SpA,Italy,Europe,45.460582,10.456748,1216.0,58.0
P100000120638,Ferriera Valsabbia Odolo steel plant,Ferriera Valsabbia SpA,Italy,Europe,45.642905,10.380199,1000.0,58.0
P100000120792,Ferrostal Labedy Gliwice steel plant,Cognor Holding SA,Poland,Europe,50.357438,18.610739,500.0,33.0
P100000120630,Finarvedi Acciai Speciali Terni steel plant,Acciai Speciali Terni SpA,Italy,Europe,42.564752,12.66936,1450.0,142.0
P100000120619,Finarvedi Cremona steel plant,Acciaieria Arvedi SpA,Italy,Europe,45.145949,9.950821,4300.0,34.0
P100000120979,Finkl Steel Chicago plant,A. Finkl & Sons Corp,United States,North America,41.724915,-87.589968,573.0,15.0
P100001062842,"Fogang Dawei Special Steel Co., Ltd.",Fogang Dawei Special Steel Co Ltd,China,Asia Pacific,23.893972,113.500829,575.0,14.29
P100000121011,Formosa Ha Tinh Steel plant,Formosa Ha Tinh Steel Corp,Vietnam,Asia Pacific,18.036333,106.428271,7500.0,18.0
P100000121202,Fuhai Indonesia steel plant,Fuhai Group New Energy Holding Co Ltd,Indonesia,Asia Pacific,-1.556636,103.679366,,
P100000120345,Fujian Dadonghai Industrial Group Co Ltd plant,Fujian Great Dong Hai Industrial Group Co Ltd,China,Asia Pacific,25.737777,119.592239,5128.0,8.0
P100000120314,Fujian Dingsheng Iron and Steel Co Ltd,Fujian Dingsheng Steel Co Ltd,China,Asia Pacific,27.224477,120.328828,1726.0,8.0
P100000121065,Fujian Dingxin Industrial Co Ltd,Fujian Dingxin Industry Co Ltd,China,Asia Pacific,26.7695,119.738519,600.0,18.0
P100000120416,Fujian Fuhua New Materials Group Co Ltd,Mindong Saiqi Economic Development Zone Fuhua Steel Rolling Co Ltd,China,Asia Pacific,26.961516,119.654272,,27.0
P100000121066,Fujian Fuxin Special Steel Co Ltd,Fujian Fuxin Special Steel Co Ltd,China,Asia Pacific,24.472439,117.94885,720.0,19.0
P100001025567,Fujian Hengwang Shymkent steel plant,Fujian Hengwang Investment Co Ltd,Kazakhstan,Eurasia,42.3375414,69.7356008,,
P100001064195,Fujian Hongfeng Industrial Group Co Ltd,Fujian Hongfeng Industrial Group Co Ltd,China,Asia Pacific,26.868423,117.776369,1000.0,26.5
P100000120413,Fujian Longgang New Materials Co Ltd,Fujian Longgang New Materials Co Ltd,China,Asia Pacific,25.357408,117.362096,1210.0,
P100000120080,Fujian Luoyuan Minguang Iron and Steel Co Ltd,Fujian Luoyuan Minguang Iron & Steel Co Ltd,China,Asia Pacific,26.483815,119.67105,2650.0,12.0
P100000120392,Fujian Qingtuo New Material Co Ltd,Fujian Qingtuo New Material Co Ltd,China,Asia Pacific,26.779301,119.767935,958.0,3.0
P100000120077,Fujian Quanzhou Minguang Iron and Steel Co Ltd,Fujian San'an Iron & Steel Co Ltd,China,Asia Pacific,25.244396,118.029905,2300.0,25.0
P100000120078,Fujian Sanbao Steel Co Ltd,Fujian Sanbao Steel Co Ltd,China,Asia Pacific,24.635769,117.603677,6196.0,27.0
P100000120081,Fujian Tsingtuo Nickel Industry Co Ltd,Fujian Tsingtuo Nickel Industry Co Ltd,China,Asia Pacific,26.768925,119.765203,3000.0,15.0
P100000121064,Fujian Wuhang Stainless Steel Products Co Ltd,Fujian Wuhang Stainless Steel Products Co Ltd,China,Asia Pacific,25.95923,119.452018,2000.0,33.0
P100000120079,Fujian Yixin Steel Co Ltd,Fujian Yixin Steel & Iron Co Ltd,China,Asia Pacific,26.491308,119.63624,,20.0
P100000120351,Fushun Hanking Direct Reduced Iron Co Ltd,Fushun HANWANG Direct Reduced Iron Co Ltd,China,Asia Pacific,41.670998,123.85143,0.0,23.5
P100000120226,Fushun New Steel Co Ltd,Fushun New Steel Corp Ltd,China,Asia Pacific,41.841223,123.753895,2700.0,20.36
P100000120228,Fushun Special Steel Co Ltd,Fushun Special Steel Co Ltd,China,Asia Pacific,41.838774,123.806586,999.0,89.0
P100000120358,Fuzhou Wuhang Steel Products Co Ltd,Fuzhou Wuhang Steel Products Co Ltd,China,Asia Pacific,25.995101,119.495725,2000.0,5.0
P100001045317,Gallantt Ispat Gorakhpur steel plant,Gallantt Ispat Ltd,India,Asia Pacific,26.757009,83.199086,528.0,32.0
P100000120082,Gansu Jiu Steel Group Hongxing Iron and Steel Co Ltd,Gansu Jiu Steel Group Hongxing Iron and Steel Co Ltd,China,Asia Pacific,39.812121,98.295555,7650.0,27.0
P100001045310,Georgsmarienhütte Osnabrück steel plant,Georgsmarienhuette GmbH,Germany,Europe,52.2122334,8.0420724,650.0,170.0
P100000120033,Gerdau Açominas Ouro Branco steel plant,Gerdau Acominas SA,Brazil,Central & South America,-20.543507,-43.75295,3600.0,40.0
P100000120980,Gerdau Cartersville steel plant,Gerdau Ameristeel Corp,United States,North America,34.241226,-84.799539,908.0,30.0
P100000120727,Gerdau Corsa Ciudad Sahagún steel plant,Gerdau Corsa SAPI de CV,Mexico,North America,19.753326,-98.596483,1000.0,11.0
P100000120735,Gerdau Corsa Tultitlán steel plant,Gerdau Corsa SAPI de CV,Mexico,North America,19.630355,-99.180315,500.0,42.0
P100000120042,Gerdau Cosigua Santa Cruz steel plant,Gerdau Acos Longos SA,Brazil,Central & South America,-22.90242,-43.749319,936.0,55.0
P100000120047,Gerdau Divinópolis steel plant,Gerdau Acos Longos SA,Brazil,Central & South America,-20.153931,-44.878995,600.0,73.0
P100000120982,Gerdau Fort Smith steel plant,Gerdau Ameristeel Corp,United States,North America,35.307055,-94.372912,505.0,42.0
P100000120049,Gerdau Guaíra Araucária steel plant,Gerdau Acos Longos SA,Brazil,Central & South America,-25.564041,-49.421729,,44.0
P100001044952,Gerdau Jackson steel mill,Gerdau Ameristeel Corp,United States,North America,35.727722,-88.808842,629.0,45.0
P100000120931,Gerdau Midlothian Steel Mill,Gerdau Ameristeel Corp,United States,North America,32.457544,-97.034246,1500.0,56.0
P100000120983,Gerdau Monroe steel plant,Gerdau Ameristeel Corp,United States,North America,41.894229,-83.358697,730.0,46.0
P100000120932,Gerdau Petersburg Steel Mill,Gerdau Ameristeel Corp,United States,North America,37.181168,-77.449517,821.0,28.0
P100000120055,Gerdau Pindamonhangaba steel plant,Gerdau SA,Brazil,Central & South America,-22.89918,-45.347726,530.0,46.0
P100000120981,Gerdau Saint Paul steel plant,Gerdau Ameristeel Corp,United States,North America,44.895442,-93.010716,,61.0
P100000120048,Gerdau São Paulo Araçariguama steel plant,Gerdau Acos Longos SA,Brazil,Central & South America,-23.43864,-47.08825,950.0,20.0
P100000120769,Gerdau Siderperu Chimbote steel plant,Empresa Siderurgica del Peru SAA,Peru,Central & South America,-9.059693,-78.601178,750.0,68.0
P100000120009,Gerdau Sipar Pérez steel plant,Sipar Aceros SA,Argentina,Central & South America,-32.9912336,-60.7588733,650.0,9.0
P100000120062,Gerdau Whitby Steel Mill,Gerdau Ameristeel Corp,Canada,North America,43.856461,-78.908997,1200.0,62.0
P100000120796,GFG Liberty Galati steel plant,Liberty Galati SA,Romania,Europe,45.434119,27.976244,,58.0
P100000120014,GFG Liberty Laverton Steel Mill,Infrabuild Australia Pty Ltd,Australia,Asia Pacific,-37.831379,144.788169,780.0,34.0
P100000120013,GFG Liberty Steel Australia Whyalla steel plant,GFG Alliance Ltd,Australia,Asia Pacific,-33.009381,137.587836,,85.0
P100000120486,GFG Liberty Steel Newport plant,Liberty Steel Group,United Kingdom,Europe,51.557289,-2.962704,,
P100000120485,GFG Liberty Steel Rotherham plant,Liberty Steel Group,United Kingdom,Europe,53.450712,-1.323025,,
P100000120015,GFG Liberty Sydney Steel Mill,Infrabuild Australia Pty Ltd,Australia,Asia Pacific,-33.76601,150.849819,750.0,44.0
P100000120587,Ghadir Iron and Steel Plant Yazd,Iranian Ghadir Iron & Steel Co,Iran,Middle East,32.3912,53.7496,0.0,14.84
P100000120603,Ghaenat Steel Complex South Khorasan,Ghaenat Steel Complex,Iran,Middle East,33.926909,59.007852,800.0,4.0
P100000120798,GLGH Resita steel plant,GLGH Steel LLC,Romania,Europe,45.293492,21.90241,500.0,255.0
P100000121216,Godawari Power and Ispat Sarora steel plant,Godawari Power and Ispat Ltd,India,Asia Pacific,21.565032,81.739447,,
P100000120557,Godawari Power and Ispat Siltara steel plant,Godawari Power and Ispat Ltd,India,Asia Pacific,21.376214,81.681888,659.0,25.0
P100000120676,Godo Steel Funabashi Works,Godo Steel Ltd,Japan,Asia Pacific,35.697541,139.964104,700.0,51.0
P100000120675,Godo Steel Himeji Works,Godo Steel Ltd,Japan,Asia Pacific,34.783057,134.669411,500.0,48.0
P100000120674,Godo Steel Osaka Works,Godo Steel Ltd,Japan,Asia Pacific,34.693045,135.428537,500.0,89.0
P100001063277,Gohar Zamin Bardsir steel plant,Gohar Zamin Mining and Industrial Company,Iran,Middle East,29.953217,56.699701,0.0,0.3
P100000120613,Golgohar Iron and Steel Company Kerman,Golgohar Iron and Steel Development Co,Iran,Middle East,29.134614,55.360773,3300.0,11.0
P100000120595,Gostar Almas Steel Saqqez Plant,Gostar Almas Steel Co,Iran,Middle East,36.215731,46.499322,0.0,
P100000120018,GPH Steel Sitakunda plant,GPH Ispat Ltd,Bangladesh,Asia Pacific,22.536569,91.700729,1051.0,17.5
P100000121172,GravitHy Fos sur Mer iron plant,GravitHy,France,Europe,43.436519,4.852576,,
P100000121220,GravitHy Kristinestad iron plant,GravitHy,Finland,Europe,62.273929,21.379356,,
P100000121147,Green Steel of WA Collie Steel plant,Green Steel of WA Pty Ltd,Australia,Asia Pacific,-33.341998,116.239926,,
P100000121163,Green Steel of WA Geraldton iron plant,Green Steel of WA Pty Ltd,Australia,Asia Pacific,-28.766858,114.799967,,
P100001026026,GreenSteel Australia New South Wales steel plant,Greensteel Australia Pty Ltd,Australia,Asia Pacific,-34.4637185,150.8865407,,
P100000120736,Grupo Acerero steel plant,Grupo Acerero SA de CV,Mexico,North America,22.087328,-100.901902,1375.0,22.0
P100000120460,Grupo Gallardo Corrugados Azpeitia steel plant,Cristian Lay SL,Spain,Europe,43.179125,-2.255939,,
P100000120461,Grupo Gallardo Corrugados Getafe steel plant,Corrugados Getafe SL,Spain,Europe,40.310803,-3.703568,,78.0
P100000120455,Grupo Gallardo Siderurgica Balboa Jerez de los Caballeros steel plant,AG Siderurgica Balboa SA,Spain,Europe,38.326405,-6.767326,1300.0,34.0
P100000120733,Grupo Simec Apizaco Cholula steel plant,Aceros Especiales Simec Tlaxcala SA de CV,Mexico,North America,19.395628,-98.088777,1140.0,7.64
P100000120737,Grupo Simec San Luis steel plants,Aceros Especiales Simec Tlaxcala SA de CV,Mexico,North America,22.103324,-100.919202,816.0,33.0
P100001063538,Guangdong Daxing Iron & Steel Industrial Co Ltd,Guangdong Daxing Iron & Steel Industrial Co Ltd,China,Asia Pacific,23.529158,116.329247,720.0,26.52
P100001063264,Guangdong Fogang Jincheng Metal Products Co Ltd,Guangdong Fogang Jincheng Metal Products Co Ltd,China,Asia Pacific,23.741965,113.502168,500.0,21.98
P100000120087,Guangdong Guangqing Metal Technology Co Ltd,Guangdong Guangqing METAL Technology Co Ltd,China,Asia Pacific,21.697069,111.848841,2040.0,16.0
P100001063170,Guangdong Guixin Steel Co Ltd,Guangdong Guixin Steel Co Ltd,China,Asia Pacific,23.517109,113.106865,630.0,22.0
P100001062833,"Guangdong Guoxin Industrial Co., Ltd.",Guangdong Guoxin Industrial Co Ltd,China,Asia Pacific,23.407415,116.570818,2500.0,24.0
P100001063522,Guangdong Hongde Steel Group Co Ltd,Guangdong Hongde Steel Group Co Ltd,China,Asia Pacific,24.672351,113.535574,860.0,24.0
P100000120362,Guangdong Jingye Iron and Steel Co Ltd,Guangdong Jingye Iron and Steel Co Ltd,China,Asia Pacific,23.454666,116.498483,2000.0,6.0
P100000120319,Guangdong Jinshenglan Metallurgical Technology Co Ltd,Guangdong Jinshenglan Metallurgical Technology Co Ltd,China,Asia Pacific,22.888729,112.263081,3600.0,5.0
P100000120380,Guangdong Nanfang Donghai Iron and Steel Co Ltd,Guangdong Nanfang Donghai Iron and Steel Co Ltd,China,Asia Pacific,22.907614,112.224952,2400.0,3.0
P100001063276,Guangdong Shengye Steel Co Ltd,Guangdong Shengye Steel Co Ltd,China,Asia Pacific,24.008564,114.797328,920.0,21.97
P100001063591,Guangdong Shiji Qingshan Nickel Industry Co Ltd,Guangdong Shiji Qingshan Nickel Industry Co Ltd,China,Asia Pacific,21.687053,111.848893,900.0,14.81
P100001063532,Guangdong Taidu Iron & Steel Co Ltd,Guangdong Taidu Iron & Steel Co Ltd,China,Asia Pacific,23.504558,112.962693,1020.0,22.0
P100001063263,"Guangdong Taiye Hongda Steel Co., Ltd.",Guangdong Taiye Hongda Steel Co Ltd,China,Asia Pacific,23.54332928798603,112.99082407443541,920.0,13.79
P100000120361,GuangDong Xinxing Ductile Iron Pipes Co Ltd,GuangDong Xinxing Ductile Iron Pipes Co Ltd,China,Asia Pacific,22.09914,111.665479,0.0,11.0
P100000121044,Guangdong Yuebei United Steel Co Ltd,Guangdong Yuebei United Steel Co Ltd,China,Asia Pacific,24.262452,113.728198,2055.0,16.0
P100001063322,Guangdong Yuedong Steel Co Ltd,Guangdong Yuedong Steel Co Ltd,China,Asia Pacific,23.711585,114.689761,720.0,32.14
P100001062853,Guangdong Yuehua Iron & Steel Group Co Ltd,Guangdong Yuehua Iron & Steel Group Co Ltd,China,Asia Pacific,24.275783,113.388896,520.0,21.81
P100001063509,Guangdong Yueshao Iron & Steel Co Ltd,Guangdong Yueshao Iron & Steel Co Ltd,China,Asia Pacific,24.688355,113.657408,500.0,12.48
P100001063495,Guangdong Zhanhong Steel Plant,Guangdong Zhanhong Steel Plant,China,Asia Pacific,23.037858,114.970593,500.0,23.0
P100000120084,Guangdong Zhongnan Iron & Steel Co Ltd,SGIS Songshan Co Ltd,China,Asia Pacific,24.708232,113.635898,8698.0,29.0
P100000121071,Guangshui Huaxin Metallurgical Industry Co Ltd,Guangshui Huaxin Smelt Industry Co Ltd,China,Asia Pacific,31.50221,114.008142,869.0,18.0
P100000120093,Guangxi Beigang New Material Co Ltd,Guangxi BG New Materials Co Ltd,China,Asia Pacific,21.519924,109.506427,3400.0,17.0
P100000120370,Guangxi Chiji Iron and Steel Co Ltd,Guangxi Chiji Iron and Steel Co Ltd,China,Asia Pacific,23.402121,111.134606,4800.0,7.0
P100000120398,Guangxi Deyuan Metallurgy Co Ltd (Nayangdaqiao),Guangxi Deyuan Metallurgy Co Ltd,China,Asia Pacific,22.712996,109.33725,,36.0
P100000121140,Guangxi Deyuan Metallurgy Co Ltd (Yujiangbian),Guangxi Deyuan Metallurgy Co Ltd,China,Asia Pacific,22.85831,108.90109,,
P100000120395,Guangxi Guifeng Special Steel Co Ltd,Guangxi Longzhou Zhongheng Wanhua Industrial Co Ltd,China,Asia Pacific,23.987136,111.914197,1725.0,24.0
P100000120095,Guangxi Guigang Iron and Steel Group Co Ltd,Guangxi Guigang Iron and Steel Group Co Ltd,China,Asia Pacific,23.088182,109.634638,1400.0,23.0
P100000120363,Guangxi Guigang Iron and Steel Group Guigang Guibao Special Steel Co Ltd,Guangxi Guigang Iron and Steel Group Guigang Guibao SPECIAL Steel Co Ltd,China,Asia Pacific,23.089502,109.63938,1200.0,8.0
P100000120368,Guangxi Guixin Iron and Steel Group Co Ltd,Guangxi Guixin Steel Group Co Ltd,China,Asia Pacific,23.978962,111.735523,6050.0,33.0
P100000120394,Guangxi Guixin Iron and Steel Intelligent Manufacturing Co Ltd,Hezhou Zhaoxin Hardware Products Co Ltd,China,Asia Pacific,23.978567,111.735529,750.0,26.0
P100000120397,Guangxi Hezhou Kexinda Metal Products Co Ltd,Guangxi Hezhou Kexinda Metal Products Co Ltd,China,Asia Pacific,23.979937,111.745037,1150.0,22.0
P100000120396,Guangxi Hezhou Pengda New Materials Co Ltd,Hezhou Xindu Sanyuan Casting Co Ltd,China,Asia Pacific,23.987007,111.739775,780.0,10.0
P100000120306,Guangxi Iron and Steel Group Co Ltd Fangchenggang Iron & Steel Base,Guangxi Iron and Steel Group Co Ltd,China,Asia Pacific,21.580723,108.400896,8400.0,6.0
P100000120374,Guangxi Liugang Zhongjin Stainless Steel Co Ltd,Guangxi Liugang Zhongjin Stainless Steel Co Ltd,China,Asia Pacific,21.67261,109.741866,0.0,13.0
P100000120393,Guangxi Longzhou Zhongheng Wanhua Industrial Co Ltd,Guangxi Longzhou Zhongheng Wanhua Industrial Co Ltd,China,Asia Pacific,22.326361,106.94616,0.0,11.0
P100000120094,Guangxi Shenglong Metallurgical Co Ltd,Guangxi Shenglong Metallurgical Co Ltd,China,Asia Pacific,21.687637,108.412344,9783.0,23.0
P100000120369,Guangxi Wuzhou Jinhai Stainless Steel Co Ltd,Guangxi Wuzhou Jinhai Stainless Steel Co Ltd,China,Asia Pacific,23.518229,111.235509,1500.0,16.0
P100000120367,Guilin Pinggang Iron and Steel Co Ltd,Guilin Pinggang Iron and Steel Co Ltd,China,Asia Pacific,24.673567,110.78959,1200.0,29.0
P100000120098,Guizhou Ganglian Industrial Group Co Ltd,Guizhou Ganglian Industrial Group Co Ltd,China,Asia Pacific,27.615147,106.949926,1325.0,12.0
P100000120364,Guizhou Hexing Steel Co Ltd,Guizhou Hexing Metal Products Co Ltd,China,Asia Pacific,26.509525,107.570458,500.0,14.0
P100000120360,Guizhou Juxin Iron and Steel Group Co Ltd,Qianxinan Prefecture Juxin Industry & Trade General Co,China,Asia Pacific,25.150857,105.041722,,33.0
P100000120097,Guizhou United Iron and Steel Group Co Ltd,Guizhou United Steel (Group) Co Ltd,China,Asia Pacific,27.591691,106.814024,1990.0,12.0
P100000120839,Gulf Tubing Company Ras Al-Khair steel plant,Gulf Tubing Co,Saudi Arabia,Middle East,27.502041,49.189647,,
P100000120507,Gunung Raja Paksi North Sumatra steel plant,PT Gunung Raja Paksi Tbk,Indonesia,Asia Pacific,3.66445,98.666166,,
P100000120506,Gunung Raja Paksi South Kalimantan steel plant,PT Gunung Raja Paksi Tbk,Indonesia,Asia Pacific,-3.460837,115.950278,,
P100000120499,Gunung Raja Paksi West Java steel plant,PT Gunung Raja Paksi Tbk,Indonesia,Asia Pacific,-6.282658,107.117683,1820.0,40.0
P100000120872,Habas Aliaga steel plant,Habas Industrial and Medical Gases Production Industries AŞ,Türkiye,Europe,38.751462,26.950172,4500.0,39.0
P100000120856,Hadeed Metal Manufacturing Co Damascus steel plant,Hadeed Metal Manufacturing Co,Syria,Middle East,33.626258,36.574968,800.0,14.0
P100000121174,Hai Kwang Enterprise Kaohsiung steel plant,Hai Kwang Enterprise Corp,Taiwan,Asia Pacific,22.550634,120.365645,600.0,57.0
P100001063796,Haicheng Hengsheng Casting Co Ltd,Haicheng Hengsheng Casting Co Ltd,China,Asia Pacific,41.057478,122.8328,760.0,26.0
P100000120491,Halyvourgiki Eleusis steel plant,Halyvourgiki SA,Greece,Europe,38.043873,23.508083,,91.0
P100000120102,Handan Iron and Steel Group Co Ltd,Handan Iron and Steel Group Co Ltd,China,Asia Pacific,36.601308,114.439889,,64.91
P100000120326,Handan Steel Group Handan Bao Steel Co Ltd,Hanshan Iron and Steel Co Ltd,China,Asia Pacific,36.685881,113.837073,4488.0,4.0
P100000120334,Hangda Steel Co Ltd,Dazhou Hangda Steel Co Ltd,China,Asia Pacific,31.435149,107.685981,1000.0,22.31
P100000120705,Hansco Hwanyoung Steel Dangjin plant,Hwanyoung Steel Industries Co Ltd,South Korea,Asia Pacific,36.956486,126.616956,800.0,32.8
P100000120800,HBIS GROUP Serbia Iron & Steel plant Belgrade,HBIS Group Serbia Iron & Steel Beograd doo,Serbia,Europe,44.606332,20.970066,2199.0,62.0
P100000120315,Hbis Laoting Steel Co Ltd,HBIS Laoting Steel Co Ltd,China,Asia Pacific,39.257823,119.033567,7450.0,6.0
P100000121045,Hebei Anfeng Iron and Steel Co Ltd,Hebei Anfeng Iron & Steel Co Ltd,China,Asia Pacific,39.65849,118.894804,7100.0,24.0
P100000120135,Hebei Baoxin Iron and Steel Group Co Ltd,Hebei Baoxin Iron and Steel Group Co Ltd,China,Asia Pacific,36.555205,114.108273,,19.0
P100000120508,Hebei Bishi Central Java steel plant,Hebei Bishi Industry Group Co Ltd,Indonesia,Asia Pacific,-6.896426,110.220286,,
P100000121249,Hebei Bishi Inner Mongolia iron and steel plant,Inner Mongolia (Naiman) Jingan Non-ferrous Metal Materials Co Ltd,China,Asia Pacific,43.696186,122.219433,,
P100000120119,Hebei Donghai Special Steel Co Ltd,Hebei Donghai SPECIAL Steel Group Co Ltd,China,Asia Pacific,39.610605,118.474722,10001.0,17.0
P100001064139,Hebei Guanfeng Metallurgical Industry Co Ltd,Hebei Guanfeng Metallurgical Industry Co Ltd,China,Asia Pacific,36.73422,114.111085,0.0,18.93
P100000120151,Hebei Huaxi Iron and Steel Co Ltd,Luannan Huarui Steel Co Ltd,China,Asia Pacific,39.51833,118.715766,,19.0
P100000120323,Hebei Huaxi Special Steel Co Ltd,Hebei Huaxi Special Steel Co Ltd,China,Asia Pacific,39.260784,119.005925,1824.0,5.0
P100000120378,Hebei Huaxin Special Steel Co Ltd,Hebei Huaxin Special Steel Co Ltd,China,Asia Pacific,36.53048,114.245262,1350.0,5.0
P100001064078,Hebei Jingdong Pipe Industry Co Ltd,Hebei Jingdong Pipe Industry Co Ltd,China,Asia Pacific,39.932656,118.836844,0.0,23.65
P100000120117,Hebei Jinxi Iron and Steel Group Co Ltd,Hebei Jinxi Iron & Steel Group Co Ltd,China,Asia Pacific,40.209844,118.220547,5000.0,40.0
P100000120350,Hebei Longfengshan Casting Co Ltd,Hebei PROVINCE Longfengshan Casting Industry Co Ltd,China,Asia Pacific,36.705105,114.105387,0.0,27.0
P100000120307,Hebei Mingbin Iron and Steel Co Ltd,Hebei New Wuan Steel Group Wenan IRON&STEEL Co Ltd,China,Asia Pacific,36.631491,113.968635,,
P100000120113,Hebei Puyang Iron and Steel Co Ltd,Hebei Puyang Iron and Steel Co Ltd,China,Asia Pacific,36.733675,113.925995,5567.0,34.0
P100000120145,Hebei Rongxin Steel Co Ltd,Hebei Rongxin Iron & Steel Co Ltd,China,Asia Pacific,39.880661,118.558755,2300.0,24.0
P100000120325,Hebei Taihang Iron and Steel Group Co Ltd,Hebei Taihang Iron and Steel Group Co Ltd,China,Asia Pacific,36.613716,114.082349,3950.0,5.0
P100000120150,Hebei Tangyin Iron and Steel Co Ltd,Hebei Tangyin IRON&STEEL Co Ltd,China,Asia Pacific,39.699354,118.213188,,14.0
P100000120328,Hebei Tangyin Iron and Steel Co Ltd Caofeidian base,Hebei Tangyin IRON&STEEL Co Ltd,China,Asia Pacific,39.160401,118.429806,2300.0,20.0
P100000120324,Hebei Tianzhu Iron and Steel Group Co Ltd,Hebei Tianzhu Iron and Steel Group Special Steel Co Ltd,China,Asia Pacific,39.270032,119.01376,3034.0,4.0
P100000120149,Hebei Tianzhu Iron and Steel Group Co Ltd Fengrun Plant,Hebei Tianzhu IRON&STEEL (GROUP) Co Ltd,China,Asia Pacific,39.803524,118.205663,,19.5
P100000120115,Hebei Wenfeng Iron and Steel Co Ltd,Hebei Wenfeng STEEL&IRON Co Ltd,China,Asia Pacific,36.64577,114.124258,,20.0
P100000120742,Hebei Xin Wu an Steel Malaysia plant,Hebei Xinwuan Iron and Steel Group Co Ltd,Malaysia,Asia Pacific,3.586453,113.359851,,
P100000120136,Hebei Xin Wuan Steel Group Hongrong Iron and Steel Co Ltd,Hebei New Wuan Lron and Steel Group Hong Rong Lron and Steel Co Ltd,China,Asia Pacific,36.640411,113.981172,1350.0,42.0
P100000120133,Hebei Xin Wuan Steel Group Wenan Iron and Steel Co Ltd,Hebei New Wuan Steel Group Wenan IRON&STEEL Co Ltd,China,Asia Pacific,36.679431,114.169024,,23.0
P100000120142,Hebei Xinda Iron and Steel Group Co Ltd,Hebei Xinda Iron and Steel Co Ltd,China,Asia Pacific,39.898362,118.579364,5000.0,24.0
P100000121218,Hebei Xinfeng Suez Canal Economic Zone steel complex,Hebei Xinfeng High-pressure Flange and Pipe Fitting Co Ltd,Egypt,Africa,29.707611,32.28672,,
P100000120138,Hebei Xinghua Iron and Steel Co Ltd,Hebei Xinghua Iron and Steel Co Ltd,China,Asia Pacific,36.744936,114.111602,,23.0
P100000120137,Hebei Xinjin Iron and Steel Co Ltd,Hebei Xinjin Iron and Steel Co Ltd,China,Asia Pacific,36.715632,114.208992,2700.0,33.0
P100000120130,Hebei Xinwuan Iron and Steel Group Xinhui Metallurgy Co Ltd,Hebei New Wuan Iron and Steel Group Xin Hui Metallurgy Co Ltd,China,Asia Pacific,36.664097,114.115263,1575.0,26.0
P100000120099,Hebei Xinxing Ductile Iron Pipes Co Ltd,Hebei Xinxing Ductile Iron Pipes Co Ltd,China,Asia Pacific,36.621504,114.128189,2500.0,33.0
P100000120111,Hebei Yanshan Iron and Steel Group Co Ltd,Hebei Yanshan Iron and Steel Group Co Ltd,China,Asia Pacific,39.925508,118.672757,9990.0,24.0
P100000120131,Hebei Yongyang Special Steel Group Co Ltd,Hebei YongYang Special Steel Group Co Ltd,China,Asia Pacific,36.786851,114.376132,1610.0,33.0
P100000120401,Hebei Zhangxuan High Tech Co Ltd,Hbzx HIGH Tech Co Ltd,China,Asia Pacific,40.607977,115.067516,1800.0,3.0
P100000120311,Hebei Zongheng Group Fengnan Iron and Steel Co Ltd,Hebei Zongheng Group Fengnan Iron & Steel Co Ltd,China,Asia Pacific,39.222566,118.094201,7700.0,7.0
P100000120157,Heilongjiang Jianlong Iron and Steel Co Ltd,Heilongjiang Jianlong Iron and Steel Co Ltd,China,Asia Pacific,46.602297,131.071877,2001.0,23.0
P100000121196,Hellenic Halyvourgia Velestino steel plant,Hellenic Halyvourgia SA,Greece,Europe,39.38588,22.80745,1000.0,63.0
P100000120331,Henan Angang Zhoukou Iron and Steel Co Ltd,Henan Angang Zhoukou Iron and Steel Co Ltd,China,Asia Pacific,33.364534,115.099661,1750.0,5.0
P100000120169,Henan Changtai Stainless Steel Plate Co Ltd,Henan Changtai Stainless Steel Plate Co Ltd,China,Asia Pacific,34.702951,112.955911,,14.0
P100000120167,Henan Fengbao Special Steel Co Ltd,Henan Fengbao SPECIAL Steel Co Ltd,China,Asia Pacific,36.131666,113.872158,0.0,25.0
P100001064248,Henan Fuhua Steel Group Co Ltd,Henan Fuhua Iron & Steel Group Co Ltd,China,Asia Pacific,34.462949,113.700844,1200.0,26.47
P100000121086,Henan Jinhui Industrial Group,Henan Xinjinhui Stainless Steel Industry Co Ltd,China,Asia Pacific,34.263509,113.853979,1400.0,21.0
P100000120164,Henan Jiyuan Iron and Steel Group Co Ltd,Henan Jiyuan Iron & Steel (Group) Co Ltd,China,Asia Pacific,35.086396,112.553774,3428.0,68.0
P100000120168,Henan Yaxin Iron and Steel Group Co Ltd,Henan YAXIN Steel Industry Co Ltd,China,Asia Pacific,35.879956,114.334825,1000.0,23.0
P100000120180,Hengyang Valin Steel Tube Co Ltd,Hengyang Valin Steel Tube Co Ltd,China,Asia Pacific,26.865484,112.576853,1300.0,68.0
P100000120091,Heping Yueshen Steel Industry Co Ltd,Heping Yueshen Steel Industrial Co Ltd,China,Asia Pacific,24.49796,114.93888,1400.0,15.0
P100000120090,Heyuan Derun Steel Co Ltd Dongjiang Jinzhu Industrial Park,Heyuan Derun Steel Co Ltd,China,Asia Pacific,23.693659,114.743048,,49.0
P100000121139,Heyuan Derun Steel Co Ltd LanTang Industrial Park,Heyuan Derun Steel Co Ltd,China,Asia Pacific,23.39775,114.898646,1650.0,3.0
P100001063289,Heyuan Yuancheng Huafa Metal Products Co Ltd,Heyuan Huacheng Metal Products Co Ltd,China,Asia Pacific,23.56658,114.598993,620.0,21.89
P100000120857,Hmisho Steel Hassia plant,Hmisho Steel SA,Syria,Middle East,34.364258,36.803848,800.0,13.0
P100000121015,Hoa Phat Dung Quat steel plant,Hoa Phat Dung Quat Steel JSC,Vietnam,Asia Pacific,15.37768,108.793321,14499.0,9.0
P100000121019,Hoa Phat Hai Duong Steel plant,Hoa Phat Hai Duong Steel JSC,Vietnam,Asia Pacific,21.01536,106.536023,2525.0,19.0
P100000121022,Hoa Sen Phu My steel plant,Hoa Sen Group,Vietnam,Asia Pacific,10.595295,107.044846,1300.0,16.0
P100000120552,Hospet Steels Hospet plant,Hospet Steels Ltd,India,Asia Pacific,15.339055,76.251696,650.0,28.0
P100000120229,Houying Group Haicheng Iron and Steel Co Ltd Datun Branch,Houying Group Haicheng Iron and Steel Co Ltd,China,Asia Pacific,40.981855,122.948643,,19.58
P100000121042,Huainan Hongtai Iron and Steel Co Ltd,Huainan Hongtai Steel Limited Liability Co,China,Asia Pacific,32.619248,116.905869,500.0,25.0
P100000121047,Huangshi Xingang Heavy Industry Technology Co Ltd,Huangshi Xingang Heavy Industry Technology Co Ltd,China,Asia Pacific,30.097108,115.284652,,2.0
P100001063078,"Huangshi Xinxing Pipe Industry Co., Ltd.",Huangshi Xinxing Pipe Industry Co Ltd,China,Asia Pacific,30.181393,114.944879,0.0,17.64
P100001064093,Huarui (Handan) Casting & Pipe Co Ltd,Huarui (Handan) Casting & Pipe Co Ltd,China,Asia Pacific,36.561049,114.102793,0.0,21.89
P100000120176,Hubei Dazhan Iron and Steel Co Ltd,Hubei Dazhan Steel & Iron Co Ltd,China,Asia Pacific,31.006752,113.754995,,33.0
P100000120318,Hubei Jinshenglan Metallurgical Technology Co Ltd,Hubei Jinshenglan Metallurgical Technology Co Ltd,China,Asia Pacific,29.916729,113.822921,3250.0,10.0
P100000121070,Hubei Lijin Steel Group Co Ltd,Hubei Lijin Steel Group Co Ltd,China,Asia Pacific,32.127263,112.715688,2000.0,24.0
P100000120343,Hubei Shunle Steel Co Ltd plant,Hubei Shunle Iron and Steel Co Ltd,China,Asia Pacific,29.925026,113.826118,2000.0,5.0
P100000120415,Hubei Wucheng Iron and Steel Group Co Ltd,Hubei Wucheng Iron and Steel Group Co Ltd,China,Asia Pacific,30.341239,114.857744,,26.0
P100001063493,Huizhou Jushun Iron and Steel Plant,Huizhou Jushun Iron and Steel Plant,China,Asia Pacific,23.178652,114.279374,620.0,33.26
P100000120179,Hunan Valin Lianyuan Iron and Steel Co Ltd,Hunan Valin Lianyuan Iron and Steel Co Ltd,China,Asia Pacific,27.747782,111.967343,9000.0,68.0
P100000120178,Hunan Valin Xiangtan Iron and Steel Co Ltd,Hunan Valin Lianyuan Iron and Steel Co Ltd,China,Asia Pacific,27.81413,112.897377,7250.0,68.0
P100000120789,Huta Czestochowa steel plant,Ministry of Defense (Poland),Poland,Europe,50.782614,19.165566,840.0,124.0
P100000120422,Hüttenwerke Krupp Mannesmann (HKM) steel plant,Hüttenwerke Krupp Mannesmann GmbH,Germany,Europe,51.371279,6.72331,0.0,117.0
P100000120688,Hwanghae Iron and Steel Complex steel plant,Government of North Korea,North Korea,Asia Pacific,38.742224,125.616814,1500.0,112.0
P100000121160,Hybar Arkansas steel plant,Hybar LLC,United States,North America,35.686814,-89.961981,544.0,0.72
P100000120851,HYBRIT Gallivare sponge iron plant,Hybrit Development AB,Sweden,Europe,67.189096,20.720752,,
P100000120466,Hydnum Steel Castilla-La Mancha plant,Hydnum Steel SL,Spain,Europe,38.688849,-4.107015,,
P100000120754,HyIron Steel Namibia plant,Hyron Africa,Namibia,Africa,-22.084183,17.4099154,0.0,0.86
P100000120695,Hyundai Steel Dangjin steel plant,Hyundai Steel Co,South Korea,Asia Pacific,36.986282,126.69735,16200.0,20.0
P100000120696,Hyundai Steel Incheon steel plant,Hyundai Steel Co,South Korea,Asia Pacific,37.489678,126.637942,4697.0,73.0
P100001047682,Hyundai Steel Louisiana plant,Hyundai Steel Co,United States,North America,30.5191,91.5209,,
P100000120697,Hyundai Steel Pohang steel plant,Hyundai Steel Co,South Korea,Asia Pacific,36.004981,129.384829,3400.0,
P100000120873,İÇDAŞ Biga steel plant,Içdaş Çelik Enerji Tersane Ve Ulaşim Sanayi AŞ,Türkiye,Europe,40.441491,27.137563,5000.0,56.0
P100000120874,İDÇ Izdemir Aliaga steel plant,Izmir Demir Celik Sanayi AŞ,Türkiye,Europe,38.739596,26.929091,3100.0,39.0
P100000120806,IMH Tula steel plant,Promsort LLC,Russia,Eurasia,54.156726,37.725551,2000.0,91.0
P100000120795,Industries Qatar Steel Mesaieed plant,Qatar Steel Company QPSC,Qatar,Middle East,24.952688,51.584777,2900.0,48.0
P100000120184,Inner Mongolia Baotou Jiyu Iron and Steel Co Ltd Hondlon District,Baotou Jiyu Steel Co Ltd,China,Asia Pacific,40.662343,109.696243,,21.79
P100000120182,Inner Mongolia BaoTou Steel Union Co Ltd,Inner Mongolia BaoTou Steel Union Co Ltd,China,Asia Pacific,40.647997,109.740898,16760.0,26.64
P100000120185,Inner Mongolia Desheng Metal Products Co Ltd,Inner Mongolia Desheng Metal Products Co Ltd,China,Asia Pacific,39.867015,106.890377,1350.0,14.3
P100000120355,Inner Mongolia Mingtuo Ferrite New Material Co Ltd,Inner Mongolia Mingtuo Ferrite New Material Co Ltd,China,Asia Pacific,40.597557,109.683202,,3.0
P100000120390,Inner Mongolia Wanzhou Special Steel Co Ltd,Inner Mongolia Wanzhou Special Steel Co Ltd,China,Asia Pacific,40.977329,110.022924,,
P100000120187,Inner Mongolia Yaxin Longshun Special Steel Co Ltd,Inner Mongolia Yaxinlongshun Special Steel Co Ltd,China,Asia Pacific,40.689778,110.214707,2000.0,20.3
P100000120915,Interpipe Steel Plant,Interpipe Ltd,Ukraine,Europe,48.498914,35.096336,1320.0,14.0
P100000120599,Iran Alloy Steel Company Yazd plant,Iran Alloy Steel Co,Iran,Middle East,31.940106,54.037614,1300.0,27.0
P100000120608,Iranian Alborz Steel Mazandaran plant,Iranian Alborz Steel Co,Iran,Middle East,36.614049,53.234213,,
P100000120639,IRO Odolo steel plant,Industrie Riunite Odolesi IRO SpA,Italy,Europe,45.645688,10.374305,600.0,75.0
P100000120875,Isdemir Payas steel plant,Iskenderun Demir ve Celik AŞ,Türkiye,Europe,36.735672,36.204581,5800.0,51.0
P100000120783,Ittehad Steel Faisalabad plant,Ittehad Steels Pvt Ltd,Pakistan,Asia Pacific,31.643426,73.198542,500.0,13.0
P100000120063,Ivaco Rolling Mills steel plant,Ivaco Rolling Mills LP,Canada,North America,45.613941,-74.704608,650.0,55.0
P100000120589,Jahan Foolad Sirjan Steel Kerman plant,Sirjan Jahan Steel Co,Iran,Middle East,29.13806,55.375073,1000.0,12.0
P100000120560,Jai Balaji Durgapur Unit IV steel plant,Jai Balaji Industries Ltd,India,Asia Pacific,23.483075,87.352189,295.0,17.0
P100000120562,Jai Balaji Jyoti Steels Sundargarh plant,Jai Balaji Jyoti Steels Ltd,India,Asia Pacific,22.085338,84.86184,92.0,23.0
P100001025922,Jai Balaji Rajbandh Unit III steel plant,Jai Balaji Industries Ltd,India,Asia Pacific,23.487439,87.369494,0.0,
P100000120500,Jakarta Prima Steel Industries plant,PT Jakarta Prima Steel Industries,Indonesia,Asia Pacific,-6.181643,106.932331,900.0,54.0
P100000120547,Jayaswal Neco Industries Raipur steel plant,Jayaswal Neco Industries Ltd,India,Asia Pacific,21.354495,81.676444,1200.0,30.0
P100000120652,JFE Bars & Shapes Himeji Works steel plant,JFE Bars & Shapes Corp,Japan,Asia Pacific,34.784113,134.658493,900.0,89.0
P100000120653,JFE Bars & Shapes Kashima Works steel plant,JFE Bars & Shapes Corp,Japan,Asia Pacific,35.882023,140.731707,720.0,93.0
P100000120646,JFE Bars & Shapes Mizushima Works steel plant,JFE Bars & Shapes Corp,Japan,Asia Pacific,34.503883,133.710136,,59.0
P100000120647,JFE East Japan Works (Chiba) steel plant,JFE Steel Corp,Japan,Asia Pacific,35.580917,140.104196,4915.0,75.0
P100000120650,JFE East Japan Works (Keihin) steel plant,JFE Steel Corp,Japan,Asia Pacific,35.48069,139.729684,,65.66
P100000120651,JFE Sendai Works steel plant,JFE Steel Corp,Japan,Asia Pacific,38.265706,141.012963,852.0,51.81
P100000120649,JFE West Japan Works (Fukuyama) steel plant,JFE Steel Corp,Japan,Asia Pacific,34.465222,133.431205,13002.0,61.0
P100000120648,JFE West Japan Works (Kurashiki) steel plant,JFE Steel Corp,Japan,Asia Pacific,34.501198,133.722123,2000.0,59.0
P100000120418,Jianglong Acheng Iron and Steel Co Ltd,Jianglong Acheng Iron & Steel Co Ltd,China,Asia Pacific,45.562002,126.968128,1600.0,25.0
P100000120196,Jiangsu Binxin Steel Group Co Ltd,Jiangsu Province Binxin Steel Group Co Ltd,China,Asia Pacific,35.09556,119.279989,5400.0,18.05
P100000120199,Jiangsu Changqiang Iron and Steel Co Ltd,Jiangsu Changqiang Iron & Steel Co Ltd,China,Asia Pacific,31.952064,120.189749,2000.0,22.42
P100000120349,Jiangsu Delong Nickel Industry Co Ltd,Jiangsu Delong Nickel Industry Co Ltd,China,Asia Pacific,34.443469,119.816574,1350.0,15.55
P100000120386,Jiangsu Hongtai Iron and Steel Co Ltd,Jiangsu HONGTAI Metals Ware Co Ltd,China,Asia Pacific,32.138393,119.554693,1576.0,25.68
P100000120197,Jiangsu Jingye Iron and Steel Co Ltd,Jiangsu Jingye Iron and Steel Co Ltd,China,Asia Pacific,34.38381,119.786878,3000.0,22.31
P100000121138,Jiangsu Longyuan Steel Co,Jiangsu Longyuan Steel Co Ltd,China,Asia Pacific,34.538033,117.329589,,15.77
P100000120189,Jiangsu Shagang Group Huaigang Special Steel Co Ltd,Jiangsu Shagang Group Huaigang SPECIAL Steel Co Ltd,China,Asia Pacific,33.566039,118.988442,3364.0,56.0
P100000120188,Jiangsu Shagang Iron & Steel Co Ltd,Jiangsu Shagang Iron & Steel Co Ltd,China,Asia Pacific,31.983146,120.638992,16605.0,23.6
P100000120195,Jiangsu Shente Steel Co Ltd,Jiangsu Shente Steel Corp,China,Asia Pacific,31.471123,119.485941,,18.43
P100000120207,Jiangsu Suxin Special Steel Group Co Ltd,Jiangsu Suxin Special Steel Co Ltd,China,Asia Pacific,31.400644,120.475103,,65.0
P100000121136,Jiangsu Xingda Steel Group,Jiangsu Xingda Steel Group Co Ltd,China,Asia Pacific,34.501981,117.316278,,22.96
P100000120198,Jiangsu Xugang Iron and Steel Group Co Ltd,Jiangsu Xusteel Group Co Ltd,China,Asia Pacific,34.577016,117.339638,3050.0,22.46
P100000121050,Jiangxi Taixin Iron and Steel Co Ltd,Jiangxi Taixin Iron & Steel Co Ltd,China,Asia Pacific,28.60445,118.163615,1000.0,22.62
P100000121144,Jiangxi Yuanxing Iron and Steel Co Ltd,Jiangxi Yuanxing Iron and Steel Co Ltd,China,Asia Pacific,24.881098,114.802833,,18.21
P100000120205,Jiangyin Huaxi Iron and Steel Co Ltd,Jiangyin Huaxi Steel Co Ltd,China,Asia Pacific,31.816482,120.424347,1500.0,23.39
P100000120347,Jiangyin Xicheng Steel Co Ltd,Jiangyin Xicheng Steel Co Ltd,China,Asia Pacific,31.892299,120.198394,720.0,28.37
P100000120191,Jiangyin Xingcheng Special Steel Works Co Ltd,Jiangyin Xingcheng SPECIAL Steel Works Co Ltd,China,Asia Pacific,31.950191,120.328449,5900.0,33.0
P100000120159,Jianlong Beiman Special Steel Co Ltd,Jianlong Beiman SPECIAL Steel Co Ltd,China,Asia Pacific,47.191285,123.616512,2570.0,69.0
P100000120158,Jianlong Xilin Iron and Steel Co Ltd,Jianlong Xilin Iron and Steel Co Ltd,China,Asia Pacific,47.495036,129.287919,4200.0,60.0
P100000120215,Jilin Jianlong Steel Co Ltd,Jilin Jianlong Steel Co Ltd,China,Asia Pacific,44.011951,126.537086,2700.0,24.8
P100000120218,Jilin Jingang Iron and Steel Co Ltd,Jilin Jingang Lron and Steel Co Ltd,China,Asia Pacific,43.20023,124.335697,1500.0,47.0
P100000120389,Jilin Steel Group Fugang Metal Manufacturing Co Ltd,"Fugang METAL Manufacturing Co.ltd.,jilinjigang Steel Group",China,Asia Pacific,44.022802,125.505627,,17.6
P100000120388,Jilin Steel Group Taihua Metal Equipment Manufacture Co Ltd,Jilin Steel Group Taihua Metal Equipment Manufacture Co Ltd,China,Asia Pacific,44.138826,125.914941,,17.58
P100000120217,Jilin Xinda Iron and Steel Co Ltd,JiLin Province Xinda Steel Co Ltd,China,Asia Pacific,42.3249,125.246892,0.0,18.27
P100000120373,Jinan Iron and Steel Group Co Ltd,Jinan Iron & Steel Group Co Ltd,China,Asia Pacific,36.718952,114.111677,5200.0,4.0
P100000120273,Jincheng Fusheng Iron and Steel Co Ltd,Jincheng FUSHENG Iron & Steel Co Ltd,China,Asia Pacific,35.662985,112.882395,4600.0,23.2
P100000120766,Jindal Shadeed Iron & Steel Duqm plant,Jindal Shadeed Iron & Steel LLC,Oman,Middle East,19.640299,57.677866,,0.0
P100000120544,Jindal Stainless Hisar steel plant,Jindal Stainless Ltd,India,Asia Pacific,29.127253,75.773075,800.0,56.0
P100000120543,Jindal Stainless Jajpur steel plant,Jindal Stainless Ltd,India,Asia Pacific,20.954939,86.051986,2200.0,15.0
P100001061405,Jindal Stainless Maharashtra steel plant,Jindal Stainless Ltd,India,Asia Pacific,19.314475,72.976623,,
P100000120515,Jindal Steel Angul steel plant,Jindal Steel Limited Ltd,India,Asia Pacific,20.884896,84.991539,6000.0,13.0
P100000121173,Jindal Steel Asanboni steel plant,Jindal Steel Limited Ltd,India,Asia Pacific,24.131037,87.438728,,
P100001062086,Jindal Steel Chhattisgarh steel plant,Jindal Steel Chhattisgarh Ltd,India,Asia Pacific,21.895041,83.376759,,
P100000121034,Jindal Steel Krishnapatnam steel plant,Jindal Steel Limited Ltd,India,Asia Pacific,14.254675,80.108702,,
P100000120542,Jindal Steel Patratu steel plant,Jindal Steel Limited Ltd,India,Asia Pacific,23.632991,85.325308,,
P100000120516,Jindal Steel Raigarh steel plant,Jindal Steel Limited Ltd,India,Asia Pacific,21.922703,83.347178,3600.0,37.0
P100000120762,Jindal Steel Sohar plant,Jindal Shadeed Iron & Steel LLC,Oman,Middle East,24.502551,56.600739,2500.0,16.0
P100000120132,Jinding Heavy Industry Co Ltd,Jinding Heavy Industries Co Ltd,China,Asia Pacific,36.718952,114.111677,3000.0,31.0
P100001063249,Jingdong Steel M'Sila steel plant,Jingdong Steel,Algeria,Africa,35.698361,4.478169,,
P100000120222,Jingye (Yingkou) Medium Plate Co Ltd,Jingye (Yingkou) Medium Plate Co Ltd,China,Asia Pacific,40.671136,122.395441,5500.0,23.67
P100000120120,Jingye Iron and Steel Co Ltd,Jingye Iron and Steel Co Ltd,China,Asia Pacific,38.391372,114.139998,6400.0,30.0
P100000120175,Jingzhou Qunli Metal Products Co Ltd,Jingzhou Qunli Metal Products Co Ltd,China,Asia Pacific,30.3505,112.353782,1000.0,27.0
P100000120276,Jinye Iron and Steel Group Co Ltd,Jinye Steel Group Co Ltd,China,Asia Pacific,36.148131,113.209523,950.0,22.79
P100000121252,Jinzhou Jinxing Special Steel Company,Jinzhou Jinxing Special Steel Co Ltd,China,Asia Pacific,41.188888,121.225043,,25.1
P100000121057,Jishan Mingfu Steel Products Co Ltd,Jishan Mingfu Steel Products Co Ltd,China,Asia Pacific,35.665945,111.025976,1433.0,12.44
P100000120083,Jiugang Group Yuzhong Iron and Steel Co Ltd,Jiugang Group Yuzhong Iron & Steel Co Ltd,China,Asia Pacific,36.033646,104.035535,4000.0,23.0
P100000120213,Jiujiang Pinggang Iron and Steel Co Ltd,JiuJiang PXSteel Co Ltd,China,Asia Pacific,29.778431,116.27527,4700.0,14.09
P100001063271,JO Steel Holdings Ras Al Khair steel plant,JO Steel Holdings PLC,Saudi Arabia,Middle East,27.491064,49.258418,,
P100000120721,JSC Moldova Steel Works,Moldova Steel Works JSC,Moldova,Europe,47.783771,29.02835,,41.0
P100001044907,JSOL Angul steel plant,Jindal Steel Odisha Ltd,India,Asia Pacific,20.874713,84.944082,6300.0,0.47
P100000120521,JSW Bengal Steel Salboni plant,JSW Bengal Steel Ltd,India,Asia Pacific,22.575726,87.310258,,
P100000120537,JSW BPSL Jharkhand steel plant,Bhushan Power & Steel Ltd,India,Asia Pacific,22.665526,85.64622,,
P100000120510,JSW BPSL Jharsuguda steel plant,JSW Steel Ltd,India,Asia Pacific,21.763989,84.022529,5000.0,21.0
P100000120570,JSW Green Steel Salav plant,JSW Green Steel Ltd,India,Asia Pacific,18.530853,72.947091,0.0,33.0
P100001023560,JSW POSCO Keonjhar steel plant,JSW Steel Ltd; POSCO Holdings Inc,India,Asia Pacific,20.248632,86.156416,,
P100000121039,JSW Rayalseema steel plant,JSW Rayalaseema Steel Limited,India,Asia Pacific,14.76855,78.403263,,
P100000120517,JSW Steel Dolvi steel plant,JSW Steel Ltd,India,Asia Pacific,18.690312,73.035902,10200.0,32.0
P100001045504,JSW Steel Gadchiroli steel plant,JSW Steel Ltd,India,Asia Pacific,20.1846793,79.9957641,,
P100000120520,JSW Steel Jharkhand steel plant,JSW Jharkhand Steel Ltd,India,Asia Pacific,23.188108,85.715097,,0.0
P100000120622,JSW Steel Piombino steel plant,JSW Steel Italy Piombino SpA,Italy,Europe,42.93652,10.537794,,161.0
P100000120536,JSW Steel Raigarh steel plant,JSW Ispat Special Products Ltd,India,Asia Pacific,21.983709,83.238133,950.0,18.0
P100000120518,JSW Steel Salem steel plant,JSW Steel Ltd,India,Asia Pacific,11.814912,77.918465,1260.0,28.0
P100000120935,JSW Steel USA Ohio plant,JSW Steel USA Ohio Inc,United States,North America,40.314891,-80.605553,1500.0,8.0
P100000120519,JSW Steel Vijayanagar steel plant,JSW Steel Ltd,India,Asia Pacific,15.180423,76.663134,11899.0,32.0
P100000120539,JSW Utkal Steel Rajnagar plant,JSW Utkal Steel Ltd,India,Asia Pacific,20.216667,86.55,,0.0
P100000120538,JSW Vijayanagar Metallics steel plant,JSW Vijayanagar Metallics Ltd,India,Asia Pacific,15.203176,76.659122,5000.0,2.0
P100000120600,Kaavian Steel Khouzestan plant,Kaavian Steel Co,Iran,Middle East,31.283549,48.572468,35.0,25.0
P100001025631,Kalyani Steels Dhenkanal steel plant,Kalyani Steels Ltd,India,Asia Pacific,20.601819,85.594653,,0.0
P100001045326,Kam Industries Kwara steel plant,Kam Industries (Nigeria) Ltd,Nigeria,Africa,8.390993,4.674475,600.0,30.0
P100000120830,Kamsky Metallurgical Works TEMPO,KMK Tempo JSC,Russia,Eurasia,55.723465,52.541024,504.0,10.0
P100001062093,Kapila Metals Jalna steel plant,Kapila Metals Pvt Ltd,India,Asia Pacific,19.874223,75.817553,,
P100000120876,Kaptan Ereglisi steel plant,Kaptan Demir Celik Endustrisi Ve Ticaret AŞ,Türkiye,Europe,41.015222,27.959978,1400.0,24.0
P100000120894,Kardemir Celik Sanayi Izmir steel plant,Kardemir Karabuk Demir Çelik Sanayi Ve Ticaret AŞ,Türkiye,Europe,38.743652,26.964746,1250.0,4.0
P100000120877,Kardemir Merkez steel plant,Kardemir Karabuk Demir Çelik Sanayi Ve Ticaret AŞ,Türkiye,Europe,41.180307,32.634343,3501.0,86.44
P100001025573,Kazakhstal steel plant,Kazakhstal LLP,Kazakhstan,Eurasia,49.8902647,73.7561639,,
P100000120429,Kehler Baden Steel Works,Badische Stahlwerke GmbH,Germany,Europe,48.595058,7.821633,2500.0,71.0
P100000120692,KG Steel Dangjin steel plant,KG Steel Co Ltd,South Korea,Asia Pacific,36.983721,126.744755,,25.08
P100000120704,KG Steel Incheon steel plant,KG Steel Co Ltd,South Korea,Asia Pacific,37.482625,126.670175,1000.0,17.0
P100000120582,Khorasan Steel Complex,Khorasan Steel Complex Co,Iran,Middle East,36.3445,58.67875,1400.0,25.0
P100000120614,Khouzestan Oxin Steel,Khouzestan Oxin Steel Co,Iran,Middle East,31.277236,48.747422,,1.0
P100000120583,Khouzestan Steel plant,Khouzestan Steel Co,Iran,Middle East,31.270091,48.732904,,37.0
P100001045284,KIC Metaliks Durgapur steel plant,KIC Metaliks Ltd,India,Asia Pacific,23.507539,87.277914,0.0,28.05
P100000120691,Kim Chaek Iron and Steel Complex steel plant,Government of North Korea,North Korea,Asia Pacific,41.753784,129.752681,6000.0,88.0
P100000120698,KISCO steel Changwon plant,KISCO Corp,South Korea,Asia Pacific,35.216552,128.640158,3000.0,61.0
P100000120596,Kish South Kaveh Steel Hormuzgan plant,Kish South Kaveh Steel Co,Iran,Middle East,27.169696,56.095207,2400.0,15.0
P100000121199,Kishiwada Steel Osaka steel plant,Kishiwada Steel Co Ltd,Japan,Asia Pacific,34.477479,135.353918,500.0,69.22
P100000120655,Kobe Kakogawa Works steel plant,Kobe Steel Ltd,Japan,Asia Pacific,34.720268,134.826275,4394.0,56.0
P100000120656,Kobe Wire Rod and Bar steel plant,Kobe Steel Ltd,Japan,Asia Pacific,34.703624,135.247207,,58.0
P100000120878,Koc Metallurgical Toprakkale steel plant,Koc Metalurji AŞ,Türkiye,Europe,37.01488,36.104416,1200.0,14.0
P100001044901,Kocaer Çelik Aliaga steel plant,Kocaer Çelik Sanayi ve Ticaret AŞ,Türkiye,Europe,37.858651,27.845846,,
P100001044951,Kogi Steel Project,Chart and Capstone Integrated Ltd,Nigeria,Africa,7.69346,6.806937,,0.0
P100000120501,Krakatau Steel Cilegon plant,PT Krakatau Steel (Persero) Tbk,Indonesia,Asia Pacific,-6.007021,106.001766,4000.0,49.0
P100000120879,Kroman Steel Darica plant,Kroman Celik Sanayii AS,Türkiye,Europe,40.801101,29.374115,1500.0,57.0
P100000120502,KS Posco Cilegon steel plant,PT Krakatau Posco,Indonesia,Asia Pacific,-5.998661,105.99866,3000.0,12.14
P100000121054,KSP Steel Pavlodar steel plant,KSP Steel LLC,Kazakhstan,Eurasia,52.334465,76.956302,,19.0
P100000120024,KSRM Sitakunda steel plant,KSRM Steel Plant Ltd,Bangladesh,Asia Pacific,22.499834,91.715778,800.0,42.0
P100000120723,Kunming Iron and Steel Myanmar plant,Kunming Iron & Steel Holding Co Ltd,Myanmar,Asia Pacific,21.423783,96.454378,,
P100001062603,Kurdistan Steel Qorveh steel plant,Kurdistan Steel Co,Iran,Middle East,35.936932,47.762024,,
P100000120004,Kurum International Elbasan steel plant,Kurum International ShA,Albania,Europe,41.094611,20.026117,,28.0
P100000120680,Kyoei Steel Hirakata Division (Osaka),Kyoei Steel Ltd,Japan,Asia Pacific,34.816321,135.677444,805.0,64.0
P100000120682,Kyoei Steel Nagoya Division (Tokai),Kyoei Steel Ltd,Japan,Asia Pacific,35.065055,136.815384,1265.0,42.0
P100000120681,Kyoei Steel Yamaguchi Division (Yamaguchi),Kyoei Steel Ltd,Japan,Asia Pacific,33.976513,131.173031,575.0,54.0
P100000120254,Laiwu Iron and Steel Group Yinshan Section Steel Co Ltd,Laiwu Steel Yinshan Section Co Ltd,China,Asia Pacific,36.106143,117.820108,5600.0,22.15
P100000120156,Langfang Guangyuan Metalwork Co Ltd,Langfang Guangyuan Metalwork Co Ltd,China,Asia Pacific,39.181466,116.838667,,11.0
P100000120713,Lanwa Steel Hambantota steel plant,Ceylon Steel Co Ltd,Sri Lanka,Asia Pacific,6.128077,81.075224,,
P100000120344,Lanxin Steel Group Co Ltd plant,Gaolan County Lanxin Steel Co Ltd,China,Asia Pacific,36.488866,103.922,1100.0,25.0
P100000121024,Lao Cai Cast Iron and Steel Tang Long plant,Lao Cai Cast Iron and Steel,Vietnam,Asia Pacific,22.306931,104.12992,500.0,12.0
P100000120823,Lebedinsky GOK DRI Plant,Lebedinskiy GOK JSC,Russia,Eurasia,51.261995,37.654622,0.0,55.0
P100000120437,Lech Stahlwerke Meitingen steel plant,Lech Stahlwerke GmbH,Germany,Europe,48.512051,10.855292,1400.0,56.0
P100000120961,Leggett & Platt Sterling Steel plant,Sterling Steel Co LLC,United States,North America,41.785971,-89.710947,1090.0,23.0
P100000120181,Lengshuijiang Steel Co Ltd,Lengshuijiang Iron and Steel Co Ltd,China,Asia Pacific,27.690401,111.437288,3000.0,68.0
P100000120192,Lianfeng Steel Zhangjiagang Co Ltd,Lianfeng Steel (Zhangjiagang) Co Ltd,China,Asia Pacific,31.855205,120.730505,6720.0,23.65
P100001063594,Lianping Huafeng Steel Co Ltd,Lianping County Huafeng Steel Co Ltd,China,Asia Pacific,24.18435,114.728202,720.0,9.93
P100000121078,Lianyungang Huale Alloy Group Co Ltd,Lianyungang Huale Alloy Group Co Ltd,China,Asia Pacific,34.607964,119.447626,621.0,15.94
P100000120348,Lianyungang Yaxin Iron and Steel Co Ltd,Lianyungang Yaxin Iron and Steel Co Ltd,China,Asia Pacific,34.423786,119.778311,3000.0,16.51
P100000120333,Liaoyang United Steel Co Ltd,Liaoyang United Steel Co Ltd,China,Asia Pacific,41.19138,122.877311,2300.0,6.17
P100000121051,Liaoyang Xinyi Special Steel Co Ltd,Liaoyang Xinyi Special Steel Co Ltd,China,Asia Pacific,41.225003,122.970488,500.0,17.2
P100000120977,Liberty Steel & Wire Peoria plant,Liberty Steel Group,United States,North America,41.513249,-87.621438,726.0,137.0
P100000120496,Liberty Steel Dunaferr Dunaújváros steel plant,Liberty Steel Group,Hungary,Europe,46.945694,18.93863,,71.78
P100000121177,Liberty Steel Dunkerque DRI plant,Liberty Steel Group,France,Europe,50.99926,2.168571,,
P100000120978,Liberty Steel Georgetown plant,Liberty Steel Group,United States,North America,33.367258,-79.292515,,57.0
P100000120717,Libyan Iron and Steel Misrata plant,Libyan Iron and Steel Co,Libya,Africa,32.335185,15.215053,1710.0,37.0
P100000120269,Licheng Taihang Iron and Steel Co Ltd,Licheng Taihang Iron & Steel Co Ltd,China,Asia Pacific,36.472303,113.344155,1700.0,25.68
P100000120716,Liepājas Metalurgs steel plant,KVV Liepājas metalurgs AS,Latvia,Europe,56.525273,21.0267,,
P100001063580,Lincoln Minerals South Australia Green Iron Plant,Green Iron Magnetite Project,Australia,Asia Pacific,-34.595209,135.84922,,
P100000120225,Lingyuan Iron and Steel Co Ltd,Lingyuan Iron & Steel Co Ltd,China,Asia Pacific,41.271048,119.41374,5994.0,31.8
P100000120330,Linyi Iron and Steel Investment Group Special Steel Co Ltd,Linyi Iron and Steel Investment Group Co Ltd,China,Asia Pacific,35.15735,119.133999,2700.0,6.92
P100000120338,Linyi Iron and Steel Investment Group Stainless Steel Co Ltd,Linyi Iron and Steel Investment Group Stainless Steel Co Ltd,China,Asia Pacific,35.148443,119.068015,700.0,6.0
P100000120250,Linyi Jiangxin Iron and Steel Co Ltd,Linyi Jiangxin Steel Co Ltd,China,Asia Pacific,34.951117,118.305389,,18.58
P100001063721,Linyi Meide Gengchen Metal Materials Co Ltd,Linyi Meide Gengchen Metal Materials Co Ltd,China,Asia Pacific,35.188667,119.087048,500.0,8.55
P100001064103,Linzhou Hexin Foundry Co Ltd,Linzhou Hexin Foundry Co Ltd,China,Asia Pacific,36.112742,113.861135,240.0,20.47
P100000120738,Lion Industries Amsteel Banting steel plant,Amsteel Mills Sdn Bhd,Malaysia,Asia Pacific,2.806998,101.601053,,25.0
P100000120739,Lion Industries Amsteel Klang steel plant,Amsteel Mills Sdn Bhd,Malaysia,Asia Pacific,3.069682,101.456474,750.0,44.0
P100000120740,Lion Industries Megasteel plant,Megasteel Sdn Bhd,Malaysia,Asia Pacific,2.8072653,101.6055808,,96.0
P100000120399,Lishui Huahong Iron and Steel Products Co Ltd,Huahong Iron and Steel Products Co Ltd,China,Asia Pacific,28.090098,119.519509,1200.0,23.39
P100000120092,Liuzhou Iron and Steel Co Ltd Liuzhou Base,Liuzhou IRON&STEEL Co Ltd,China,Asia Pacific,24.385304,109.37963,9458.0,26.0
P100000120382,Liyang Baorun Steel Co Ltd,Liyang Baorun Steel Co Ltd,China,Asia Pacific,31.471123,119.485941,2760.0,2.58
P100000120522,Lloyds Metals and Energy Ltd Ghugus steel plant,Lloyds Metals and Energy Ltd,India,Asia Pacific,19.929837,79.119344,0.0,31.0
P100000121179,Lloyds Metals and Energy Ltd Konsari steel plant,Lloyds Metals and Energy Ltd,India,Asia Pacific,19.770409,79.813599,0.0,3.0
P100000120476,LME Trith-Saint-Léger steel plant,Lamines Marchands Europeens SA,France,Europe,50.3292,3.490913,850.0,151.0
P100000121026,Long Son Phu My Iron and Steel plant,Long Son Phu My Iron & Steel Co,Vietnam,Asia Pacific,14.457367,109.0789538,,
P100001063267,Longchuan Hanghui Steel Co Ltd,Longchuan Hanghui Steel Co Ltd,China,Asia Pacific,24.113189,115.215068,930.0,22.39
P100000120412,Longnan Fuxin Iron and Steel Co Ltd,Longnan Fuxin Steel Co Ltd,China,Asia Pacific,24.912904,114.844503,1500.0,20.91
P100000120383,Luoyang Luogang Group of Steel and Iron Co Ltd,Luoyang Luogang Group of Steel and Iron Co Ltd,China,Asia Pacific,34.798477,112.580505,,19.0
P100000120335,Luzhou Xinyang Vanadium Titanium Steel Co Ltd,Luzhou Xinyang Vanadium Titanium Steel Co Ltd,China,Asia Pacific,28.851779,105.70509,2000.0,6.12
P100000120260,Lvliang Jianlong Industrial Co Ltd,Lvliang Jianlong Industrial Co Ltd,China,Asia Pacific,37.47311,112.06093,1400.0,41.0
P100000120069,Maanshan Iron and Steel Co Ltd,Maanshan Iron & Steel Co Ltd,China,Asia Pacific,31.698884,118.468194,15480.0,73.0
P100001047854,Maegma Minerals Lumut HBI Plant,Maegma Minerals Sdn Bhd,Malaysia,Asia Pacific,4.2405829,100.5949428,,
P100000120807,Magnitogorsk Iron and Steel Works,Magnitogorskiy Metallurgicheskiy Kombinat PJSC,Russia,Eurasia,53.427593,59.054122,14500.0,94.0
P100000120718,Mahgreb Steel Bled Solb plant,Maghreb Steel SA,Morocco,Africa,33.632918,-7.434084,1000.0,15.0
P100000120593,Makran Steel Sistan and Baluchestan Complex,Makran Steel Co,Iran,Middle East,25.4483977,60.6408488,,
P100000120722,Makstil Skopje Steel plant,Makstil AD,North Macedonia,Europe,42.016228,21.46605,550.0,59.0
P100000120746,Malaysia Steel Works Klang steel plant,Malaysia Steel Works (KL) Bhd,Malaysia,Asia Pacific,3.077835,101.46448,800.0,28.0
P100000121235,Marcegaglia Fos Sur Mer steel plant,Marcegaglia Holding SpA,France,Europe,43.445004,4.846805,,53.0
P100000120487,Marcegaglia Sheffield steel plant,Marcegaglia Stainless Sheffield Ltd,United Kingdom,Europe,53.399598,-1.395818,,49.0
P100001063310,Mashiz Steel Industries Bardsir steel plant,Mashiz Bardsir Steel Industries Co,Iran,Middle East,29.948688,56.732593,400.0,36.0
P100000120577,Mass Iron and Steel Industry Co Sulaimaniya plant,Mass Iraq Iron and Steel Industry Co,Iraq,Middle East,35.660125,45.039062,1250.0,11.0
P100000121169,Master Steel Jakarta Steel plant,PT The Master Steel MFG,Indonesia,Asia Pacific,-6.18421,106.920067,2000.0,54.0
P100000120855,Max Aicher Slovakia Steel Mills Strazske,Max Aicher GmbH & Co KG,Slovakia,Europe,48.886028,21.82705,,8.0
P100000120805,Mechel Chelyabinsk Metallurgical Plant,Chelyabinskiy Metallurgicheskiy Kombinat PJSC,Russia,Eurasia,55.27073,61.436492,5799.0,83.0
P100001082547,Medsteel Adra steel plant,Med-steel Ltd,Syria,Middle East,33.628437,36.57259391534359,800.0,15.0
P100000120463,Megasa Siderúrgica Narón steel plant,Megasa Siderurgica SL,Spain,Europe,43.51421,-8.163839,700.0,73.0
P100000120464,Megasider Zaragoza steel plant,Megasider Zaragoza SA,Spain,Europe,41.56988,-0.856566,500.0,68.0
P100001042845,Meghna Re-rolling and Steel Mills steel plant,Meghna Re-rolling and Steel Mills Ltd,Bangladesh,Asia Pacific,23.585487,90.648875,,
P100001063142,Meranti Green Steel Duqm DRI plant,Meranti Steel Pte Ltd,Oman,Middle East,19.635815,57.670697,,
P100000121035,Meranti Steel Map Ta Phut plant,Meranti Steel Pte Ltd,Thailand,Asia Pacific,12.694465,101.148937,,
P100000121219,Mesabi Metallics Nashwuak HBI plant,Mesabi Mining LLC,United States,North America,47.383441,-93.219413,,0.0
P100000120881,Mescier Iron and Steel Bartin plant,Mescier Demir Celik AŞ,Türkiye,Europe,41.565932,32.427758,1000.0,6.0
P100000120559,Mesco Steel Kalinganagar plant,Mesco Kalinga Steel Ltd,India,Asia Pacific,20.976277,86.044419,1200.0,21.0
P100000120801,Metalfer Sremska Mitrovica steel plant,Metalfer Steel Mill Sremska Mitrovica doo,Serbia,Europe,44.977213,19.64601,500.0,18.0
P100000120828,Metalloinvest Mikhailovsky HBI plant,Mikhailovsky HBI LLC,Russia,Eurasia,52.360448,35.397314,,
P100000120812,Metalloinvest OEMK steel plant,Oskol'skiy Elektrometallurgicheskiy Kombinat Imeni Alekseya Alekseyevicha Ugarova JSC,Russia,Eurasia,51.142738,37.940532,3500.0,42.0
P100001023449,Metallurgical Cluster Gallaaral steel plant,Triangul Metals Tebinbulak JSC,Uzbekistan,Eurasia,40.012819,67.573496,,0.0
P100000120909,Metallurgical Plant Kametstal,Kamet-Steel PrJSC,Ukraine,Europe,48.528019,34.640915,3500.0,139.0
P100000120962,Metallus Faircrest steel plant,Metallus Inc,United States,North America,40.755388,-81.439369,1088.0,109.0
P100000120963,Metallus Harrison steel plant,Metallus Inc,United States,North America,40.778466,-81.396889,,110.0
P100000120917,Metinvest EAF steel plant,Metinvest Holding LLC,Ukraine,Europe,49.039389,31.332628,,
P100000120914,Metinvest Ilyich Iron and Steel Works,Mariupolskyi Metalurgiinyi Kombinat Imeni Illicha PrAT,Ukraine,Europe,47.1402768,37.5943416,,129.0
P100000121211,Metinvest Piombino steel plant,Metinvest Adria SpA,Italy,Europe,42.93652,10.537794,,
P100000120916,Metinvest Zaporizhstal steel plant,Zaporiz'kyi Metalurhiinyi Kombinat Zaporizhstal' PJSC,Ukraine,Europe,47.86838,35.161773,4102.0,93.0
P100000120865,Millcon Steel Rayong steel plant,Millcon Steel PCL,Thailand,Asia Pacific,12.819544,101.152954,800.0,28.0
P100001046616,Mintal Group DRI plant,Mintal Group Co Ltd,China,Asia Pacific,41.7915,109.865367,,
P100000120339,Minyuan Iron and Steel Group Co Ltd,Minyuan Iron and Steel Group Co Ltd,China,Asia Pacific,34.013369,116.422599,2700.0,23.0
P100000121038,Mitsui-Kobe Duqm DRI plant,Mitsui-Kobe Steel JV,Oman,Middle East,19.529594,57.61573,,
P100000120601,Miyaneh Steel East Azerbaijan steel plant,Mianeh Steel,Iran,Middle East,37.37881,47.736689,0.0,9.0
P100000120880,MMK Türkiye Metallurgical Payas steel plant,MMK Metalurji Sanayi Ticaret ve Liman Isletmeciligi AŞ,Türkiye,Europe,36.768975,36.213842,2300.0,15.0
P100000121197,Mobarakeh Saba Steel Chamgordan plant,Mobarakeh Steel Co,Iran,Middle East,32.40787,51.338985,1600.0,20.0
P100000120584,Mobarakeh Steel Complex Isfahan,Mobarakeh Steel Co,Iran,Middle East,32.244,51.4263,,35.0
P100000120581,Mobarakeh Steel Hormuzgan Steel Company plant,Mobarakeh Steel Co,Iran,Middle East,27.161426,56.10058,1500.0,15.0
P100000120612,Mobarakeh Steel Sefid Dasht Steel Complex,Mobarakeh Steel Co,Iran,Middle East,32.19669,51.184156,1000.0,10.0
P100000121239,Mono Steel Gandhidham plant,Mono Steel (India) Ltd,India,Asia Pacific,23.312265,70.201953,770.0,36.0
P100000120763,Moon Iron & Steel Company Sohar plant,Moon Iron and Steel Company SAOC,Oman,Middle East,24.409437,56.520134,,6.0
P100000120778,Mount Zynai Zamboanga Sibugay steel plant,Mount Zynai 0304 Mining Corp,Philippines,Asia Pacific,7.716994,122.998671,,0.0
P100000120567,MSP Steel & Power Raigarh plant,MSP Steel & Power Ltd,India,Asia Pacific,21.87673,83.554495,385.0,24.0
P100000121231,Mughal Iron & Steel Industries Lahore plant,Mughal Iron & Steel Industries Ltd,Pakistan,Asia Pacific,31.653035,74.183149,583.0,27.0
P100001062087,Mukand Sumi Special Steel Hospet steel plant,Mukand Sumi Special Steel Ltd,India,Asia Pacific,15.328976,76.258613,450.0,4.55
P100000121156,Myingyan Myanmar steel plant,Myanmar Economic Corp,Myanmar,Asia Pacific,21.377652,95.372079,400.0,
P100001025672,N R Ispat and Power Raigarh steel plant,NR Ispat and Power Pvt Ltd,India,Asia Pacific,22.013086,83.330372,297.0,18.0
P100000120813,Nadezhdinski Metallurgical Plant,UMK-Stal LLC,Russia,Eurasia,59.593854,60.591196,756.0,130.0
P100000120678,Nakayama Steel Products Osaka plant,Nakayama Steel Products Co Ltd,Japan,Asia Pacific,34.699762,135.430119,600.0,75.81
P100000120679,Nakayama Steel Works Osaka,Nakayama Steel Works Ltd,Japan,Asia Pacific,34.628162,135.459688,600.0,97.0
P100000120190,Nanjing Iron and Steel Co Ltd,Nanjing Iron & Steel Co Ltd,China,Asia Pacific,32.200797,118.746315,10000.0,68.0
P100000120165,Nanyang Hanye Special Steel Co Ltd,Nanyang Hanye SPECIAL STREET Co Ltd,China,Asia Pacific,33.269324,111.534635,3000.0,23.0
P100000120585,Natanz Steel Company Isfahan plant,Natanz Steel Co,Iran,Middle East,33.428593,51.982273,733.0,25.0
P100000120780,National Steel Complex Limited Karachi steel plant,National Steel Complex Ltd,Pakistan,Asia Pacific,24.794779,67.353032,,13.13
P100000120540,Neelachal Ispat Nigam steel plant,Neelachal Ispat Nigam Ltd,India,Asia Pacific,20.998641,86.019102,1100.0,44.0
P100001080714,Nemo Industries Ironworks I,Nemo Industries Inc,United States,North America,30.092838753017322,-90.9539266739139,,
P100000120611,Neyriz Ghadir Steel Company Fars plant,Neyriz Ghadir Steel Co,Iran,Middle East,29.168087,54.621487,1000.0,8.0
P100000121165,Nilachal Iron & Power Gamharia steel plant,Nilachal Iron & Power Ltd,India,Asia Pacific,22.874863,86.063646,99.0,24.0
P100000120400,Ningbo Haoyang New Materials Techonology Co Ltd,Ningbo Haoyang New MATERIALS Techonology Co Ltd,China,Asia Pacific,30.267113,121.052503,500.0,6.39
P100000120305,Ningbo Iron and Steel Co Ltd,Ningbo Iron & Steel Co Ltd,China,Asia Pacific,29.918776,121.876423,3999.0,23.1
P100000121148,Ningxia Boyu Hongxing Special Steel Group Co,Ningxia Boyu Hongxing Special Steel Group Co Ltd,China,Asia Pacific,39.273832,106.75146,,19.14
P100000120232,Ningxia Iron and Steel Group Co Ltd,Ningxia Iron and Steel (Group) Co Ltd,China,Asia Pacific,37.503054,105.078348,1800.0,68.0
P100000121052,Ningxia Jianlong Special Steel Co Ltd,Ningxia Jianlong Special Steel Co Ltd,China,Asia Pacific,39.215452,106.688294,3500.0,13.84
P100000120411,Ningxia Xinghua Iron and Steel Co Ltd,Ningxia Xinghua Iron and Steel Co Ltd,China,Asia Pacific,39.309571,106.79093,1500.0,4.22
P100000120859,Nippon Chonburi steel plant,G J Steel PCL,Thailand,Asia Pacific,13.054668,101.078842,1500.0,31.0
P100000120664,Nippon East Japan Works (Kashima) steel plant,Nippon Steel Corp,Japan,Asia Pacific,35.93437,140.681019,3432.0,58.0
P100000120659,Nippon East Japan Works (Kimitsu) steel plant,Nippon Steel Corp,Japan,Asia Pacific,35.360912,139.881953,10001.0,61.0
P100000120666,"Nippon Kansai Works (Wakayama Area, Wakayama) steel plant",Nippon Steel Corp,Japan,Asia Pacific,34.233519,135.135443,3043.0,84.0
P100000120662,"Nippon Kyushu Works (Oita Area, Oita) steel plant",Nippon Steel Corp,Japan,Asia Pacific,33.260829,131.645527,9999.0,54.72
P100000120665,"Nippon Kyushu Works (Yawata Area, Kokura) steel plant",Nippon Steel Corp,Japan,Asia Pacific,33.89771,130.882435,,69.0
P100000120663,"Nippon Kyushu Works (Yawata Area, Tobata) steel plant",Nippon Steel Corp,Japan,Asia Pacific,33.911803,130.838014,0.0,125.0
P100000120661,Nippon Nagoya steel plant,Nippon Steel Corp,Japan,Asia Pacific,35.027575,136.870552,6000.0,65.0
P100000120858,Nippon Rayong Steel plant,G Steel PCL,Thailand,Asia Pacific,12.793786,101.244592,1800.0,27.0
P100000120667,Nippon Sanyo Special Steel,Sanyo Special Steel Co Ltd,Japan,Asia Pacific,34.788074,134.672046,1596.0,91.0
P100000120658,Nippon Setouchi Works (Hirohata Area) steel plant,Nippon Steel Corp,Japan,Asia Pacific,34.786879,134.625301,720.0,87.0
P100000120657,Nippon Setouchi Works (Kure Area) steel plant,Nippon Steel Corp,Japan,Asia Pacific,34.221172,132.540104,,72.74
P100001041253,Nippon Stainless Steel Yamaguchi Works (Hikari Area) steel plant,Nippon Steel Stainless Steel Corp,Japan,Asia Pacific,33.964661,131.935403,500.0,71.0
P100001041252,Nippon Stainless Steel Yamaguchi Works (Shunan Area) steel plant,Nippon Steel Stainless Steel Corp,Japan,Asia Pacific,34.059009,131.777221,866.0,68.0
P100000120976,NLMK Indiana steel plant,NLMK Indiana LLC,United States,North America,41.625912,-87.159989,770.0,34.0
P100000120808,NLMK Lipetsk steel plant,Novolipetsk Steel PJSC,Russia,Eurasia,52.557372,39.629574,14400.0,92.0
P100000121250,NLMK Stoilensky iron plant,Stoylenskiy Gorno-Obogatitel'nyi Kombinat JSC,Russia,Eurasia,51.243964,37.783498,,
P100000120548,NMDC Karnataka steel plant,NMDC Steel Ltd,India,Asia Pacific,15.186288,76.916591,,
P100000120523,NMDC Nagarnar steel plant,NMDC Steel Ltd,India,Asia Pacific,19.0931901,82.17,3000.0,2.47
P100000120936,North American Stainless Ghent steel plant,North American Stainless Inc,United States,North America,38.725418,-85.076015,1600.0,36.0
P100000120660,North Nippon Muroran Works steel plant,Nippon Steel Corp,Japan,Asia Pacific,42.341873,140.997803,2200.0,117.0
P100001064486,North West Steel Industries Ariq plant,North West Steel Industries Co,Iran,Middle East,37.127089,46.17345,800.0,9.0
P100000120420,Nová Hut Ostrava steel plant,Nová Huť sro,Czech Republic,Europe,49.792139,18.309875,,74.0
P100000121234,Novasco Hagondange steel plant,Novasco BV,France,Europe,49.241492,6.152631,,113.83
P100000121158,Novorossiysk Rolling Plant Rostov,Novorossiysk Rolling Plant LLC,Russia,Eurasia,47.740457,40.189445,830.0,19.0
P100000120895,Nu-Iron Unlimited Point Lisas DRI plant,Nu-Iron Unlimited,Trinidad and Tobago,Central & South America,10.399138,-61.486326,0.0,19.14
P100000120938,Nucor Steel Berkeley plant,Nucor Corp,United States,North America,33.004319,-79.880955,2956.0,30.0
P100000121155,Nucor Steel Birmingham plant,Nucor Corp,United States,North America,33.545535,-86.805393,500.0,43.0
P100000120953,Nucor Steel Brandenburg plant,Nucor Corp,United States,North America,37.9999454,-86.1398738,1450.0,4.0
P100000120939,Nucor Steel Crawfordsville plant,Nucor Corp,United States,North America,39.976379,-86.830727,2304.0,37.0
P100000120940,Nucor Steel Darlington plant,Nucor Corp,United States,North America,34.375628,-79.895165,910.0,57.0
P100000120945,Nucor Steel Decatur plant,Nucor Steel Decatur LLC,United States,North America,34.63963,-87.085738,3100.0,29.0
P100000120946,Nucor Steel Gallatin plant,Nucor Corp,United States,North America,38.759878,-84.996204,2722.0,31.0
P100000120941,Nucor Steel Hertford plant,Nucor Corp,United States,North America,36.353006,-76.811471,1542.0,26.0
P100000120942,Nucor Steel Hickman plant,Nucor Corp,United States,North America,35.901162,-89.77619,2450.0,34.0
P100000120948,Nucor Steel Jewett plant,Nucor Corp,United States,North America,31.351853,-96.165436,907.0,51.0
P100000120947,Nucor Steel Kankakee plant,Nucor Steel Kankakee Inc,United States,North America,41.180734,-87.856196,794.0,65.0
P100000121000,Nucor Steel Kingman plant,Nucor Steel Kingman LLC,United States,North America,35.143192,-114.089568,572.0,0.39
P100000120987,Nucor Steel Louisiana,Nucor Steel Louisiana LLC,United States,North America,30.076693,-90.859953,0.0,13.0
P100000120944,Nucor Steel Memphis plant,Nucor Steel Memphis Inc,United States,North America,35.048395,-90.163033,891.0,18.0
P100000120943,Nucor Steel Norfolk plant,Nucor Corp,United States,North America,42.078908,-97.360854,1088.0,47.0
P100000121221,Nucor Steel Pacific Northwest steel plant,Nucor Corp,United States,North America,47.569597,-122.367395,,
P100000120951,Nucor Steel Plymouth plant,Nucor Corp,United States,North America,41.882789,-112.196743,908.0,45.0
P100000120952,Nucor Steel Seattle plant,Nucor Steel Seattle Inc,United States,North America,47.569597,-122.367395,855.0,122.0
P100000120950,Nucor Steel Tuscaloosa plant,Nucor Steel Tuscaloosa Inc,United States,North America,33.234761,-87.508498,1200.0,41.0
P100000120988,Nucor Steel West Virginia steel plant,Nucor Corp,United States,North America,38.647729,-82.175875,,
P100000120949,Nucor-Yamato Steel Blytheville plant,Nucor Yamato Steel Co,United States,North America,35.941421,-89.713819,3174.0,38.0
P100000120831,OMK Vyksa Casting and Rolling Complex,Vyksunskiy Metallurgicheskiy Zavod AO,Russia,Eurasia,55.382815,42.188954,1400.0,268.99
P100000120975,Optimus Steel Beaumont plant,Optimus Steel LLC,United States,North America,30.08201,-94.074694,750.0,50.0
P100000120631,Ori Martin Brescia steel plant,ORI Martin - Acciaieria e Ferriera di Brescia SpA,Italy,Europe,45.566054,10.2147,650.0,93.0
P100000120930,Orion Pueblo steel plant,Orion Steel Group LLC,United States,North America,38.22577,-104.607895,1100.0,145.0
P100000120060,Orion Regina Steel plant,Orion Steel Group LLC,Canada,North America,50.51499,-104.630589,1300.0,65.0
P100000121188,Orissa Alloy Steel Kharagpur Plant,Orissa Metaliks Pvt Ltd,India,Asia Pacific,22.364258,87.309047,550.0,5.0
P100000121187,Orissa Metaliks Kharagpur steel plant,Orissa Metaliks Pvt Ltd,India,Asia Pacific,22.378355,87.281773,900.0,9.0
P100000120566,Orissa Metaliks Markuta steel plant,Orissa Metaliks Pvt Ltd,India,Asia Pacific,21.856747,83.966244,600.0,18.0
P100000120563,Orissa Sponge Iron and Steel plant,Orissa Sponge Iron and Steel Ltd,India,Asia Pacific,21.801994,85.56751,101.0,31.0
P100000121189,Orissa Steel and Power Jhargram steel plant,Orissa Steel & Power Pvt Ltd,India,Asia Pacific,22.3591,87.017184,,
P100000120677,Osaka Steel Sakai Works,Osaka Steel Co Ltd,Japan,Asia Pacific,34.59822,135.45439,4650.0,76.0
P100000120799,Otelu Rosu steel plant,UMB Steel SRL,Romania,Europe,45.512949,22.339896,,230.0
P100000120849,Outokumpu Avesta steel plant,Outokumpu Stainless AB,Sweden,Europe,60.148821,16.172808,500.0,96.0
P100000120954,Outokumpu Stainless USA steel plant,Outokumpu Stainless USA LLC,United States,North America,31.148179,-87.98866,1000.0,19.0
P100000120469,Outokumpu Tornio steel plant,Outokumpu Stainless AB,Finland,Europe,65.767115,24.176472,1200.0,50.0
P100000120848,Ovako Hofors steel plant,Ovako AB,Sweden,Europe,60.548682,16.302815,500.0,110.0
P100000120470,Ovako Imatra steel plant,Ovako AB,Finland,Europe,61.149466,28.798774,575.0,91.0
P100000120883,Ozkan Iron and Steel Aliaga plant,Ozkan Demir Celik Sanayi AŞ,Türkiye,Europe,38.737005,26.950824,1200.0,16.0
P100000121198,Ozmert Algeria steel plant,Ozmert Algeria SARL,Algeria,Africa,35.47858,-0.62139,390.0,3.0
P100000120781,Pakistan Steel Mills Karachi,Pakistan Steel Mills Corp Pvt Ltd,Pakistan,Asia Pacific,24.809977,67.35244,,43.41
P100000121080,Pangang Group Jiangyou Changcheng Special Steel Co Ltd,Pan Gang Group Sichuan Changcheng Special Steel Co Ltd,China,Asia Pacific,31.763517,104.761441,669.0,36.76
P100000120277,Pangang Group Panzhihua Steel Vanadium Co Ltd,Panzhihua Steel Group Panzhihua Steel Vanadium Co Ltd,China,Asia Pacific,26.565265,101.673737,5900.0,61.0
P100000120278,Pangang Group Xichang Steel and Vanadium Co Ltd,Pangang Group Xichang Steel and Vanadium Co Ltd,China,Asia Pacific,27.74799,102.20517,3900.0,14.66
P100000120774,Panhua Group Mindanao steel plant,Panhua Group Co Ltd,Philippines,Asia Pacific,8.526666,124.755711,,
P100000120775,Panhua Group Sarangani steel plant,Panhua Group Co Ltd,Philippines,Asia Pacific,5.86655,125.078751,2000.0,0.0
P100000120387,Panshi Jianlong Iron and Steel Co Ltd,Jilinheng Precision Casting Technology Co Ltd,China,Asia Pacific,43.196537,126.00063,1100.0,15.96
P100000120586,Pasargad Steel Complex Fars,Pasargad Steel Complex Co,Iran,Middle East,29.191019,52.845405,1500.0,13.0
P100000120017,Pavgord Zenica steel plant,Pavgord doo,Bosnia and Herzegovina,Europe,44.224446,17.899815,1940.0,134.0
P100000120745,Perfect Channel Gurun steel plant,Perfect Channel Sdn Bhd,Malaysia,Asia Pacific,5.778871,100.49907,,
P100001064435,Persian Gulf Negin Steel Khaf plant,Persian Gulf Negin Steel,Iran,Middle East,34.475932,60.292146,,
P100000120610,Persian Gulf Saba Steel,Persian Gulf Saba Steel,Iran,Middle East,27.189076,56.105633,0.0,9.0
P100000120804,Pervouralsk Pipe Plant,Chelyabinskiy Truboprokatnyi Zavod JSC,Russia,Eurasia,56.90205,59.992198,950.0,92.0
P100000120741,Perwaja Kemaman Steel plant,Perwaja Steel Sdn Bhd,Malaysia,Asia Pacific,4.264364,103.461728,,42.0
P100001061348,PGS Geraldton Green Iron Plant,Progressive Green Solutions JV,Australia,Asia Pacific,-28.70725,114.900163,,
P100000120212,Pingxiang Pinggang Anyuan Iron and Steel Co Ltd,Anyuan Iron & Steel Co Ltd,China,Asia Pacific,27.64555,113.902126,2650.0,72.0
P100000120627,Pittini Acciaierie di Verona steel plant,Acciaierie di Verona SpA,Italy,Europe,45.42882,11.000861,1250.0,124.0
P100000120628,Pittini Ferriere Nord Osoppo steel plant,Ferriere Nord SpA,Italy,Europe,46.232199,13.079104,2200.0,51.0
P100000120629,Pittini Siderpotenza Potenza steel plant,Siderpotenza SpA,Italy,Europe,40.639356,15.827842,700.0,63.0
P100000121013,Pomina Steel 3 Phu My plant,Pomina Steel JSC,Vietnam,Asia Pacific,10.577042,107.040324,1000.0,14.0
P100000121012,Pomina Steel Phu My plant,Pomina Steel JSC,Vietnam,Asia Pacific,10.601568,107.045491,500.0,27.0
P100000120699,POSCO Gwangyang steel plant,POSCO Holdings Inc,South Korea,Asia Pacific,34.920086,127.74865,22999.0,39.0
P100000120700,POSCO Pohang steel plant,POSCO Holdings Inc,South Korea,Asia Pacific,36.00931,129.394508,18758.0,53.0
P100000121161,POSCO Port Hedland Iron Project,Port Hedland Iron Pty Ltd,Australia,Asia Pacific,-20.395832,118.537975,,
P100000121020,POSCO Vietnam Phu My steel plant,Posco Vietnam Co Ltd,Vietnam,Asia Pacific,10.560316,107.02684,1000.0,11.0
P100000120206,Posco Zhangjiagang Stainless Steel Co Ltd,Guangdong Guangqing Metal Technology Co Ltd,China,Asia Pacific,31.980237,120.571455,1100.0,19.59
P100000120558,Prakash Industries Janjgir steel plant,Prakash Industries Ltd,India,Asia Pacific,22.004694,82.671666,1190.0,33.0
P100000121190,Prakash Sponge Iron and Power Challakere steel plant,Prakash Sponge Iron and Power Pvt Ltd,India,Asia Pacific,14.152912,76.665824,0.0,
P100000120755,Premium Steel Warri plant,Premium Steel and Mines Ltd,Nigeria,Africa,5.480763,5.769839,,44.0
P100000120809,Promsort Kaluga steel plant,Promsort LLC,Russia,Eurasia,55.233675,36.679192,1500.0,13.0
P100000120810,Promsort Ural steel plant,Promsort LLC,Russia,Eurasia,56.849666,59.908414,2000.0,21.0
P100001049317,PT Ispat Indo steel plant,LNM Group,Indonesia,Asia Pacific,-7.3551286,112.7037297,700.0,50.0
P100001061892,PT Xinheng Metal Morowali steel plant,PT Xinheng Metal Indonesia,Indonesia,Asia Pacific,-2.830574,122.157448,,
P100000120710,Qarmet steel plant,Qazaqstan Steel Group LLP,Kazakhstan,Eurasia,50.031766,72.994863,6000.0,66.0
P100000120712,QazSpetsSteel Aktobe steel plant,QazSpetsSteel LLC,Kazakhstan,Eurasia,50.286408,57.168382,,
P100000120594,Qeshm Steel Development Hormuzgan plant,Qeshm Steel Development Co,Iran,Middle East,26.826494,55.957708,,
P100000120110,Qian an Jiujiang Wire Co Ltd,Qian'an City Jiujiang Wire Co Ltd,China,Asia Pacific,39.952209,118.559444,7079.0,24.0
P100000120100,Qian an Zhayi Steel Group Co Ltd,Qian'an Zhayi Steel Group Co Ltd,China,Asia Pacific,40.044026,118.552001,1500.0,22.0
P100000120239,Qingdao Special Iron and Steel Co Ltd,Qingdao Special Iron and Steel Co Ltd,China,Asia Pacific,35.6296,119.722335,4170.0,13.0
P100001063756,Qinglong Manchu Autonomous County Delong Foundry Development Co Ltd,Qinglong Manzhu Autonomous County Delong Casting Industry Development Co Ltd,China,Asia Pacific,40.427008,119.219855,1350.0,15.87
P100000120372,Qinhuangdao Baigong Steel Co Ltd,Qinhuangdao Baigong Steel Co Ltd,China,Asia Pacific,39.748773,118.819472,2260.0,20.0
P100000120152,Qinhuangdao Hongxing Iron and Steel Co Ltd,Qinhuangdao Hongxing Iron & Steel Co Ltd,China,Asia Pacific,39.700721,118.871477,3450.0,24.0
P100001064261,Qinyang Hongda Iron & Steel Co Ltd,Qinyang Hongda Iron & Steel Co Ltd,China,Asia Pacific,35.184849,112.902248,500.0,23.0
P100000120304,Quzhou Yuanli Metal Products Co Ltd,Quzhou Yuanli METAL Products Co Ltd,China,Asia Pacific,28.893407,118.867125,0.0,35.0
P100000120837,Rajhi Al Assemah Steel Jeddah plant,Rajhi Steel Industries Co Ltd,Saudi Arabia,Middle East,21.290402,39.183444,850.0,20.0
P100000120553,Ramsarup Industries Kharagpur steel plant,Ramsarup Industries Ltd,India,Asia Pacific,22.977477,88.457443,0.0,19.0
P100001025938,Rashmi Green Hydrogen Steel Kharagpur steel plant,Rashmi Green Hydrogen Steel Pvt Ltd,India,Asia Pacific,22.331489,87.398085,,
P100000120556,Rashmi Metaliks Jamuria steel plant,Rashmi Metaliks Ltd,India,Asia Pacific,23.706343,87.07774,,
P100000120555,Rashmi Metaliks Kharagpur steel plant,Rashmi Metaliks Ltd,India,Asia Pacific,22.360664,87.295932,498.0,22.0
P100000120955,Republic Steel Canton plant,Republic Steel Corp,United States,North America,40.804114,-81.334002,,140.0
P100000120956,Republic Steel Lorain steel plant,Republic Steel Corp,United States,North America,41.450358,-82.131125,,126.0
P100000120531,RINL Vizag Steel plant,Rashtriya Ispat Nigam Ltd,India,Asia Pacific,17.612846,83.191918,7300.0,37.0
P100000120064,Rio Tinto Fer et Titane steel plant,Rio Tinto Iron and Titanium Canada Inc,Canada,North America,46.044367,-73.138474,600.0,76.0
P100000120641,Riva Acciaio Caronno Pertusella steel plant,Riva Acciaio SpA,Italy,Europe,45.598187,9.035447,780.0,69.0
P100000120642,Riva Acciaio Lesegno steel plant,Riva Acciaio SpA,Italy,Europe,44.388023,7.944998,600.0,65.0
P100000120481,Riva Alpa Gargenville steel plant,ALPA - Aciéries et Laminoirs de Paris SAS,France,Europe,48.983515,1.76245,700.0,52.0
P100000120430,Riva Brandenburg Electric Steel Works,BES Brandenburger Elektrostahlwerke GmbH,Germany,Europe,52.402617,12.496135,1800.0,114.0
P100000120431,Riva Hennigsdorfer Electric Steel Works,HES Hennigsdorfer Elektrostahlwerke GmbH,Germany,Europe,52.650903,13.212683,1000.0,109.0
P100000120720,Riva Industries Jorf Lasfar steel plant,Riva Industries,Morocco,Africa,33.165438,-8.5883,800.0,5.0
P100000120480,Riva Iton Seine Bonnieres Sur Seine steel plant,Iton Seine SAS,France,Europe,49.033678,1.561022,550.0,110.0
P100000120478,Riva Sam Montereau steel plant,Sam Montereau SAS,France,Europe,48.387211,2.981091,720.0,53.0
P100000120479,Riva Sam Neuves-Maisons steel plant,Societe des Aciers d'Armature pour le Beton SAS,France,Europe,48.611482,6.111864,850.0,154.0
P100000120457,Riva Siderurgica Sevillana steel plant,Siderurgica Sevillana SA,Spain,Europe,37.362968,-5.886865,1300.0,72.0
P100000120240,Rizhao Steel Holding Group Co Ltd,Rizhao Steel Holding Group Co Ltd,China,Asia Pacific,35.16535,119.366672,11300.0,22.77
P100001025819,Rungta Mines Chaliyama steel plant,Rungta Mines Ltd,India,Asia Pacific,22.588359,85.905724,696.0,
P100000120569,Rungta Mines Dhenkanal steel plant,Rungta Mines Ltd,India,Asia Pacific,20.764524,85.299318,206.0,5.0
P100000121186,Rungta Mines Kamanda steel plant,Rungta Mines Ltd,India,Asia Pacific,21.928511,85.223988,347.0,
P100000121185,Rungta Mines Karakhendra steel plant,Rungta Mines Ltd,India,Asia Pacific,22.140174,85.414616,126.0,0.0
P100001025818,Rungta Mines Karakolha sponge iron plant,Rungta Mines Ltd,India,Asia Pacific,22.13237,85.417031,0.0,20.0
P100000120477,Saarstahl Ascoval Saint-Saulve steel plant,Saarstahl AG,France,Europe,50.398171,3.561712,730.0,51.0
P100000120432,Saarstahl Völklingen steel plant,Saarstahl AG,Germany,Europe,49.247635,6.848662,,153.0
P100000121245,Sabalan Iron and Steel Complex,Daric Investment Holding Co,Iran,Middle East,38.50168,47.757969,,
P100000120833,SABIC Hadeed Al Jubail steel plant,Saudi Iron and Steel Co,Saudi Arabia,Middle East,27.018411,49.576356,6000.0,47.0
P100000120602,Sabzevar Steel Complex Razavi Khorasan,Sabzevar Pars Steel Complex,Iran,Middle East,36.58952,57.571719,0.0,8.0
P100000121243,Saeb Steel Complex,Daric Investment Holding Co,Iran,Middle East,37.45507,45.944322,,
P100000120549,SAIL Alloy steel plant,Steel Authority of India Ltd,India,Asia Pacific,23.522882,87.275935,501.0,61.13
P100000120525,SAIL Bhilai steel plant,Steel Authority of India Ltd,India,Asia Pacific,21.185157,81.394207,6999.0,67.0
P100000120526,SAIL Bokaro steel plant,Steel Authority of India Ltd,India,Asia Pacific,23.671677,86.10687,4652.0,54.0
P100000120527,SAIL Durgapur steel plant,Steel Authority of India Ltd,India,Asia Pacific,23.54843,87.245247,2499.0,67.0
P100000120524,SAIL IISCO steel plant,Steel Authority of India Ltd,India,Asia Pacific,23.673236,86.926179,2499.0,108.0
P100000120550,SAIL Paradip steel plant,Steel Authority of India Ltd,India,Asia Pacific,20.317455,86.609001,,
P100001081803,SAIL Ranchi DRI plant,Steel Authority of India Ltd,India,Asia Pacific,23.3356313803427,85.31236535745192,,
P100000120528,SAIL Rourkela steel plant,Steel Authority of India Ltd,India,Asia Pacific,22.210804,84.86895,3282.0,67.0
P100000120424,Salzgitter Flachstahl steel plant,Salzgitter Flachstahl GmbH,Germany,Europe,52.161794,10.409371,,25.0
P100000120433,Salzgitter Peiner Träger Peine steel plant,Peiner Traeger GmbH,Germany,Europe,52.313935,10.258482,1000.0,168.0
P100000120076,Sansteel Minguang Co Ltd Fujian plant,Sansteel Minguang Co Ltd Fujian,China,Asia Pacific,26.261109,117.614709,6799.0,25.0
P100000120615,Sarmad Iron and Steel Complex Abarkouh,Sarmad Iron and Steel Complex Abarkouh,Iran,Middle East,31.222989,53.392728,,
P100000121237,Scaw Metals Group Germiston steel plant,Scaw Metals Group Pty Ltd,South Africa,Africa,-26.273316,28.163761,600.0,102.0
P100000120484,Se.ven GI Cardiff steel plant,Sev.en Global Investments AS,United Kingdom,Europe,51.479757,-3.137056,1200.0,20.0
P100000120701,SeAH Besteel Gunsan steel plant,SeAH Besteel Holdings Corp,South Korea,Asia Pacific,35.968596,126.609524,2101.0,29.0
P100000120702,SeAH Changwon Integrated Special Steel plant,SeAH Changwon Integrated Special Steel Corp,South Korea,Asia Pacific,35.204191,128.604277,1200.0,60.0
P100000120706,SeAH Steel Pohang plant,SeAh Steel Holdings Corp,South Korea,Asia Pacific,35.991176,129.375791,1200.0,48.0
P100000120489,Sentuo Steel Tema plant,Sentuo Steel Ltd,Ghana,Africa,5.691267,-0.001073,800.0,11.0
P100001063496,Setareh Simin Hormoz DRI plant,Setareh Simin Hormoz Co,Iran,Middle East,27.192922,56.114617,,
P100000120760,Sev.en GI Mo i Rana steel plant,Sev.en Global Investments AS,Norway,Europe,66.311519,14.167557,770.0,80.0
P100000120818,Severstal Cherepovets steel plant,Severstal PJSC,Russia,Eurasia,59.143998,37.86295,12201.0,71.0
P100000121056,Shaanxi Hanzhong Iron & Steel Group Company,Shaanxi Hanzhong Iron & Steel Group Co,China,Asia Pacific,33.132446,106.657646,700.0,25.33
P100000120237,Shaanxi Huaxin Special Steel Group Co Ltd,Shaanxi Huaxin Special Steel Group Co Ltd,China,Asia Pacific,34.523278,109.986042,,24.54
P100000120505,Shaanxi Iron and Steel Indonesia plant,Shaanxi Iron and Steel Group Co Ltd,Indonesia,Asia Pacific,-3.404326,105.409279,,
P100000120234,Shaanxi Longmen Steel Co Ltd,Shaanxi LONG MEN IRON&STEEL Co Ltd,China,Asia Pacific,35.618466,110.575788,3800.0,18.66
P100000120236,Shaanxi Lueyang Iron and Steel Co Ltd,Shaanxi Lueyang Iron and Steel Co Ltd,China,Asia Pacific,33.323678,106.167206,0.0,22.29
P100000120235,Shaanxi Steel Group Hanzhong Iron and Steel Co Ltd,Shangang Group Hanzhong Iron & Steel Co Ltd,China,Asia Pacific,33.133192,106.671859,3000.0,16.65
P100000121164,Shadegan Steel Complex,Shadegan Steel Industry Co,Iran,Middle East,30.565979,48.939846,1000.0,9.0
P100000120162,Shagang Group Anyang Yongxing Special Steel Co Ltd,Shagang Group Anyang Yongxing Iron & Steel Co Ltd,China,Asia Pacific,36.143573,114.149964,2600.0,33.0
P100000121191,Shakambhari Ispat and Power Purulia steel plant,Shakambhari Ispat & Power Ltd,India,Asia Pacific,23.613861,86.789527,660.0,25.0
P100000121244,Shams Iron and Steel Complex Tabriz,Daric Investment Holding Co,Iran,Middle East,37.446675,45.956891,,
P100000120243,Shandong Chuanyang Group Co Ltd,Shandong Chuanyang Group Co Ltd,China,Asia Pacific,36.894784,117.888366,,19.69
P100000120249,Shandong Fulun Iron and Steel Co Ltd,Fulun Iron & Steel Co Ltd,China,Asia Pacific,36.308447,117.540425,2700.0,22.63
P100000120241,Shandong Guangfu Group Co Ltd,Shandong Guangfu Group Co Ltd,China,Asia Pacific,36.863145,117.616918,,39.0
P100000121150,Shandong Iron and Steel Co Ltd Laiwu Branch Aishan Street,Shandong Iron and Steel Co Ltd,China,Asia Pacific,36.087717,117.827927,3850.0,5.0
P100000120337,Shandong Iron and Steel Co Ltd Laiwu Branch Xinxing Road,Shandong Iron and Steel Co Ltd,China,Asia Pacific,36.088504,117.850479,,9.75
P100000120312,Shandong Iron and Steel Group Rizhao Co Ltd,Shandong IRON&STEEL Group Rizhao Co Ltd,China,Asia Pacific,35.188969,119.383723,8500.0,17.0
P100000120414,Shandong Iron and Steel Group Yongfeng Lingang Co Ltd,Shandong Iron & Steel Group Yongfeng Lingang Corp,China,Asia Pacific,35.137061,119.068319,5400.0,4.69
P100000120238,Shandong Iron and Steel Group Yongfeng Zibo Co Ltd,Shandong Iron Steel Group Yongfeng Zibo Co Ltd,China,Asia Pacific,36.906036,118.111833,,4.74
P100001063692,Shandong Jinguan Metallurgical Technology Co Ltd,Shandong Jinguan Metallurgical Technology Co Ltd,China,Asia Pacific,37.449126,116.396787,2450.0,22.79
P100000120255,Shandong Laigang Yongfeng Steel Co Ltd,Shandong Laigang Yongfeng Steel Corp,China,Asia Pacific,36.7993,116.8026,,19.55
P100000120251,Shandong Longsheng Iron and Steel Co Ltd,Shandong Longsheng Iron and Steel Co Ltd,China,Asia Pacific,36.891189,118.187041,,18.07
P100000120248,Shandong Luli Steel Co Ltd,Shandong Luli Steel Co Ltd,China,Asia Pacific,36.970875,118.955444,1400.0,33.0
P100000120252,Shandong Minyuan Iron and Steel Co Ltd,Shandong Minyuan Steel & Iron Co Ltd,China,Asia Pacific,36.728409,117.426582,,19.7
P100000120247,Shandong Shouguang Juneng Special Steel Co Ltd,Shandong Shouguang Juneng SPECIAL Steel Co Ltd,China,Asia Pacific,36.939125,118.785598,2850.0,23.21
P100001063638,Shandong Taigang Xinhai Stainless Steel Co Ltd,Shandong Taigang Xinhai Stainless Steel Co Ltd,China,Asia Pacific,35.228556,119.084178,1860.0,10.07
P100000120245,Shandong Taishan Steel Group Co Ltd,Shandong Taishan Steel Group Co Ltd,China,Asia Pacific,36.22141,117.627728,,57.0
P100000121146,Shandong Xinhua Special Steel Group Co Ltd,Shandong Xinhua Special Steel Group Co Ltd,China,Asia Pacific,36.256175,116.179833,,18.47
P100000120210,Shanghai Meishan Iron and Steel Co Ltd,Shanghai Meishan Iron & Steel Co Ltd,China,Asia Pacific,31.902969,118.61667,7600.0,57.0
P100000120270,Shanxi Changxin Industrial Co Ltd,Shanxi Changxin Industry Co Ltd,China,Asia Pacific,36.326589,113.117181,,37.0
P100000121152,Shanxi Dongfang Hengliu Precision Casting Co,Shanxi Dongfang Hengliu Precision Casting Co,China,Asia Pacific,36.080051,111.647754,,16.04
P100000120268,Shanxi Gaoyi Steel Co Ltd,Shanxi Gaoyi Steel Co Ltd,China,Asia Pacific,35.586841,111.258436,2700.0,29.0
P100000120266,Shanxi Hongda Iron and Steel Group Co Ltd,Shanxi HONGDA Iron and Steel Group Co Ltd,China,Asia Pacific,35.701895,110.786826,2300.0,26.81
P100000120406,Shanxi Huaqiang Iron and Steel Co Ltd,Shanxi HUAQIANG Iron and Steel Co Ltd,China,Asia Pacific,35.670848,111.378887,0.0,22.84
P100000120267,Shanxi Huaxinyuan Steel and Iron Group Co Ltd,Hejin Huaxinyuan Steel & Iron Co Ltd,China,Asia Pacific,35.605506,110.652056,1150.0,23.12
P100000120274,Shanxi Jianlong Industrial Co Ltd,Shanxi Jianlong Industrial Co Ltd,China,Asia Pacific,35.417405,111.303919,4750.0,25.91
P100000120316,Shanxi Jinnan Iron and Steel Group Co Ltd,Shanxi Jinnan Iron and Steel Group Co Ltd,China,Asia Pacific,35.678541,111.51465,4800.0,12.0
P100000120262,Shanxi Liheng Steel Co Ltd,Shanxi Liheng Iron and Steel Co Ltd,China,Asia Pacific,35.701541,111.42671,,17.0
P100000120308,Shanxi Meijin Iron and Steel Co Ltd Dongyu Town,Shanxi Meijin Iron and Steel Co Ltd,China,Asia Pacific,37.571354,112.229791,1700.0,22.32
P100000121151,Shanxi Meijin Iron and Steel Co Ltd Yuanping City,Shanxi Meijin Iron and Steel Co Ltd,China,Asia Pacific,38.7393,112.689086,,
P100000120258,Shanxi Taigang Stainless Steel Co Ltd,Shanxi Taigang Stainless Steel Co Ltd,China,Asia Pacific,37.931488,112.539321,12460.0,27.69
P100000120264,Shanxi Tongcai Industry and Trade Co Ltd,ShanXi TongCai Industry and Trade Co Ltd,China,Asia Pacific,35.694321,111.429381,2780.0,24.0
P100000121087,Shanxi Tongde Xinghua Special Steel Co Ltd,Shanxi Tongde Xinghua Special Steel Co Ltd,China,Asia Pacific,40.183517,113.305462,2500.0,20.21
P100000120261,Shanxi Xintai Iron and Steel Co Ltd,Shanxi Xintai Iron & Steel Co Ltd,China,Asia Pacific,37.075017,111.985148,3000.0,20.73
P100000120271,Shanxi Zhongsheng Iron and Steel Co Ltd,Shanxi Zhongsheng Iron and Steel Co Ltd,China,Asia Pacific,35.727776,111.330122,0.0,19.32
P100000120259,Shanxi Zhongyang Iron and Steel Co Ltd,Shanxi Zhongyang Iron & Steel Co Ltd,China,Asia Pacific,37.370796,111.161118,3600.0,20.28
P100001063176,"Shengli (Qingyuan) Steel Products Co., Ltd.",Shengli (Qingyuan) Steel Products Co Ltd,China,Asia Pacific,23.553041,113.119942,1000.0,22.0
P100001045593,Shengli Vietnam Special Steel An Bai plant,Shengli Vietnam Special Steel Co Ltd,Vietnam,Asia Pacific,20.652657,106.440208,800.0,18.0
P100001063815,ShiGangJingCheng Equipment Development and Manufacturing Co Ltd,ShiGangJingCheng Equipment Development and Manufacturing Co Ltd,China,Asia Pacific,40.626396,122.38884,1900.0,20.0
P100000120246,Shiheng Special Steel Group Co Ltd,Shiheng SPECIAL Steel Group Co Ltd,China,Asia Pacific,36.229201,116.533981,4650.0,25.15
P100001064067,Shijiazhuang Hongsen Melting & Casting Co Ltd,Shijiazhuang Hongsen Melting & Casting Co Ltd,China,Asia Pacific,38.021527,114.916959,0.0,19.47
P100000120103,Shijiazhuang Iron and Steel Co Ltd,Shijiazhuang Iron and Steel Co Ltd,China,Asia Pacific,38.060735,114.560358,,63.0
P100000120322,Shijiazhuang Iron and Steel Co Ltd Special Steel Branch,Shijiazhuang Iron and Steel Co Ltd,China,Asia Pacific,38.075008,114.033043,2000.0,6.0
P100000121046,Shiu Wing Tuen Mun Steel plant,Shiu Wing Steel Ltd,Hong Kong,Asia Pacific,22.369498,113.926095,,1.0
P100000121073,Shiyan Fuyan Iron and Steel Co Ltd,Shiyan Fuyan Iron and Steel Co Ltd,China,Asia Pacific,32.650367,110.654794,,23.0
P100000121074,Shiyan Yunyang District Rongfeng Iron and Steel Co Ltd,Yun County Rongfeng Rolling Mill Factory,China,Asia Pacific,32.738598,110.793269,700.0,15.0
P100000120275,Shougang Changzhi Iron and Steel Co Ltd,Shougang Changzhi IRON& Steel Co Ltd,China,Asia Pacific,36.356404,113.060809,3600.0,29.94
P100001080914,Shougang Group Kazakhstan green steel plant,Fujian Hengwang Investment Co Ltd,Kazakhstan,Eurasia,43.5016213,73.6098137,,
P100000121067,Shougang Guiyang Special Steel Co Ltd,Shougang Guiyang SPECIAL Steel Co Ltd,China,Asia Pacific,26.873592,106.73215,600.0,68.0
P100000120106,Shougang Jingtang United Iron and Steel Co Ltd,Shougang Jingtang United Iron & Steel Co Ltd,China,Asia Pacific,38.953664,118.50339,13700.0,21.0
P100000120107,Shougang Qian an Iron and Steel Co Ltd,Beijing Shougang Co Ltd,China,Asia Pacific,39.976702,118.558788,6300.0,24.0
P100000120096,Shougang Shuicheng Iron and Steel Group Co Ltd,Shougang Shuicheng Iron & Steel (Group) Co Ltd,China,Asia Pacific,26.595229,104.877413,3501.0,60.0
P100001063585,Shougang Yili Iron & Steel Co Ltd,Shougang Yili Iron & Steel Co Ltd,China,Asia Pacific,43.528516,83.276706,0.0,68.0
P100000121192,Shri Bajrang Power & Ispat Tilda steel plant,Shri Bajrang Power and Ispat Ltd,India,Asia Pacific,21.48619,81.771697,500.0,13.0
P100000121183,Shyam Metalics Jamuria steel plant,Shyam Metalics and Energy Ltd,India,Asia Pacific,23.693749,87.122711,1144.0,13.0
P100000121184,Shyam Metalics Sambalpur steel plant,Shyam Metalics and Energy Ltd,India,Asia Pacific,21.680344,84.04179,1606.0,20.0
P100000121182,Shyam Steel Mejia steel plant,Shyam Steel Manufacturing Ltd,India,Asia Pacific,23.564157,87.089552,126.0,
P100000121181,Shyam Steel Raghunathpur steel plant,Shyam Steel Industries Ltd,India,Asia Pacific,23.590212,86.724603,420.0,2.0
P100000121229,Shyeh Sheng Fuat Steel Kaohsiung steel plant,Shyeh Sheng Fuat Steel & Iron Works Co Ltd,Taiwan,Asia Pacific,22.559391,120.3656132,720.0,60.0
P100000120860,Siam Yamato Steel Map Ta Phut plant,Siam Yamato Steel Co Ltd,Thailand,Asia Pacific,12.674898,101.147002,600.0,32.0
P100000120861,Siam Yamato Steel Rayong plant,Siam Yamato Steel Co Ltd,Thailand,Asia Pacific,12.706642,101.111703,500.0,16.0
P100000120377,Sichuan Dazhou Iron and Steel Group Co Ltd,Sichuan Dazhou Iron & Steel Group Co Ltd,China,Asia Pacific,31.18945,107.453099,2300.0,28.89
P100000120075,Sichuan Desheng Group Vanadium and Titanium Co Ltd,"Sichuan De Sheng Group, Vanadium and Titanium Co Ltd",China,Asia Pacific,29.39798,103.542532,3000.0,29.0
P100000120375,Sichuan Gangchen Stainless Steel Co Ltd,Sichuan Gangchen Stainless Steel Co Ltd,China,Asia Pacific,29.501044,103.607365,600.0,6.23
P100000121058,Sichuan Shehong Chuanzhong Construction Materials Co Ltd,Sichuan Shehong Chuanzhong Construction Materials Co Ltd,China,Asia Pacific,30.830726,105.367695,550.0,25.89
P100000120320,Sichuan Shengquan Iron and Steel Group Co Ltd,Sichuan Shengquan Iron and Steel Group Co Ltd,China,Asia Pacific,31.255961,104.190612,1000.0,7.46
P100000121059,Sichuan Yaan Anshan Iron and Steel Co Ltd,Sichuan Ya'an Anshan Iron and Steel Co Ltd,China,Asia Pacific,30.059133,102.625907,830.0,4.91
P100000120884,Siddik Kardesler Dilovasi steel plant,Sıddık Kardeşler Haddecilik Sanayi Ticaret LŞ,Türkiye,Europe,40.800833,29.512008,690.0,10.0
P100000120465,Sidenor Aceros Especiales Basauri steel plant,Sidenor Aceros Especiales SLU,Spain,Europe,43.227282,-2.884676,740.0,59.0
P100000120493,Sidenor Steel Industry Thessaloniki plant,Sidenor Steel Industry SA,Greece,Europe,40.704458,22.816542,800.0,64.0
P100000120440,Sider El Hadjar Annaba steel plant,Groupe Industriel Sider SpA,Algeria,Africa,36.795924,7.707633,,57.0
P100000121004,Sidor Ciudad Guayana steel plant,Siderurgica del Orinoco Alfredo Maneiro CA,Venezuela,Central & South America,8.259073,-62.841126,1020.0,64.0
P100000120853,SIJ Acroni Jesenice steel plant,SIJ Acroni doo,Slovenia,Europe,46.423994,14.094645,726.0,66.0
P100000120052,Simec Cariacica steel plant,GV do Brasil Industria e Comercio de Aço Ltda,Brazil,Central & South America,-20.34291,-40.360864,600.0,84.0
P100000120051,Simec Pindamonhangaba steel plant,GV do Brasil Industria e Comercio de Aço Ltda,Brazil,Central & South America,-22.921912,-45.413234,500.0,11.0
P100000120711,Sin Yuan Steel Shymkent steel plant,Sin Yuan Steel LLP,Kazakhstan,Eurasia,42.272259,69.7261,,6.0
P100000121176,Sinobras Marabá steel plant,Siderurgica Norte Brasil SA,Brazil,Central & South America,-5.414287,-49.081305,504.0,19.0
P100000120684,Sinosteel Kenya steel plant,Sinosteel Corp Ltd,Kenya,Africa,0.461697,37.991283,,
P100000120598,Sirjan Iranian Steel Kerman Plant,Iranian Sirjan Steel Co,Iran,Middle East,29.928062,56.736539,1000.0,13.0
P100001044904,SMS Group DRI Plant,SMS Group GmbH,Egypt,Africa,26.787872,30.572474,,
P100000120794,SN MAIA Siderurgia Nacional steel plant,SN MAIA Siderurgia Nacional SA,Portugal,Europe,41.255085,-8.555285,600.0,52.0
P100000120793,SN SEIXAL Siderurgia Nacional steel plant,SN SEIXAL Siderurgia Nacional SA,Portugal,Europe,38.616023,-9.068527,1100.0,65.0
P100000120765,Sohar Steel plant,Sohar Steel LLC,Oman,Middle East,24.499869,56.599111,700.0,18.0
P100000120834,Solb Steel Jizan plant,Solb Steel Co,Saudi Arabia,Middle East,17.298475,42.352338,1200.0,17.0
P100000120707,South Korea hydrogen DRI plant,unknown,South Korea,Asia Pacific,36.647511,128.131064,,
P100000121055,Southern Steel Prai Penang plant,Southern Steel Bhd,Malaysia,Asia Pacific,5.399453,100.382177,1400.0,63.0
P100000120492,Sovel Almyros steel plant,Sovel SA,Greece,Europe,39.169632,22.840216,1350.0,25.0
P100000120933,SSAB Americas Alabama steel plant,SSAB Americas Holding AB,United States,North America,30.941783,-88.012437,1250.0,25.0
P100000120934,SSAB Americas Iowa steel plant,SSAB Americas Holding AB,United States,North America,41.482009,-90.820921,1200.0,29.0
P100000120845,SSAB Luleå steel plant,SSAB AB,Sweden,Europe,65.559719,22.219699,13.0,85.0
P100000120844,SSAB Oxelösund steel plant,SSAB AB,Sweden,Europe,58.670789,17.127786,,113.0
P100000120468,SSAB Raahe steel plant,SSAB AB,Finland,Europe,64.651111,24.418544,,62.0
P100000120065,Stahl Gerlafingen steel plant,Stahl Gerlafingen AG,Switzerland,Europe,47.171958,7.562287,720.0,108.0
P100000120025,Star Consortium steel plant,Star Infrastructure Development Corp,Bangladesh,Asia Pacific,22.774191,91.574601,,3.0
P100000120578,State Company for Iron & Steel Basra plant,State Company for Iron and Steel (Iraq),Iraq,Middle East,30.2471634,47.832418,580.0,
P100000120829,StavStal Metallurgical Plant,StavStal' LLC,Russia,Eurasia,44.688323,41.927331,500.0,10.0
P100000120957,Steel Dynamics Butler plant,Steel Dynamics Inc,United States,North America,41.37064,-84.917454,3000.0,30.0
P100000120958,Steel Dynamics Columbia City plant,Steel Dynamics Inc,United States,North America,41.121613,-85.348602,2000.0,24.0
P100000120959,Steel Dynamics Columbus plant,Steel Dynamics Inc,United States,North America,33.44758,-88.572683,3400.0,19.0
P100000120973,Steel Dynamics Engineered Bar Products steel plant,Steel Dynamics Inc,United States,North America,39.875508,-86.484214,950.0,22.0
P100000120972,Steel Dynamics Roanoke steel plant,Steel Dynamics Inc,United States,North America,37.272927,-79.998828,590.0,71.0
P100000120960,Steel Dynamics Sinton plant,Steel Dynamics Inc,United States,North America,28.05182,-97.48804,2722.0,4.0
P100000120772,SteelAsia Calaca steel plant,SteelAsia Manufacturing Corp,Philippines,Asia Pacific,13.922346,120.823796,500.0,27.0
P100001054284,SteelAsia Candelaria steel plant,SteelAsia Manufacturing Corp,Philippines,Asia Pacific,13.9077156,121.4294936,,
P100000120773,SteelAsia Compostela steel plant,SteelAsia Manufacturing Corp,Philippines,Asia Pacific,10.45078,124.006424,1000.0,3.0
P100000120770,SteelAsia Concepcion steel plant,SteelAsia Manufacturing Corp,Philippines,Asia Pacific,15.325307,120.655361,,
P100001062172,SteelAsia Davao steel plant,SteelAsia Manufacturing Corp,Philippines,Asia Pacific,7.236242,125.630933,600.0,12.0
P100000120776,SteelAsia Lemery steel plant,SteelAsia Manufacturing Corp,Philippines,Asia Pacific,13.916094,120.886414,,1.0
P100000120850,Stegra Boden steel plant,Stegra AB,Sweden,Europe,65.805389,21.75914,,
P100000121222,Stegra Spain steel plant,Stegra AB,Spain,Europe,40.4637,-3.7492,,0.0
P100000120031,Stomana Industry Pernik steel plant,Stomana Industry AD,Bulgaria,Europe,42.595629,23.093095,1400.0,68.0
P100000120449,Suez Steel Solb Misr Attaka plant,Suez Steel Company SAE,Egypt,Africa,29.927875,32.437744,2080.0,26.0
P100000120032,Sulb Bahrain Al Hidd steel plant,Sulb Company BSCC,Bahrain,Middle East,26.198152,50.679893,1300.0,14.0
P100000120764,Sun Metals Sur steel plant,Sun Metal Casting LLC,Oman,Middle East,22.632992,59.416971,,12.0
P100000120575,Sunflag Iron and Steel plant,Sunflag Iron and Steel Co Ltd,India,Asia Pacific,21.232929,79.632398,525.0,37.0
P100001025670,Surjagad Ispat Gadchiroli steel plant,Surjagad Ispat Pvt Ltd,India,Asia Pacific,19.487201,79.968551,,0.0
P100000121193,Swadesh Metallics Simga steel plant,Swadesh Metallics Pvt Ltd,India,Asia Pacific,21.625706,81.705254,,
P100000121227,Swiss Steel Emmenbrücke plant,Swiss Steel Holding AG,Switzerland,Europe,47.308055,7.873594,650.0,27.0
P100001063500,Taishan Baofeng Iron & Steel Co Ltd,Taishan Baofeng Iron & Steel Co Ltd,China,Asia Pacific,22.425677,112.788855,520.0,23.0
P100000120147,Tangshan Chunxing Special Steel Co Ltd,Tangshan Chunxing Special Steel Co Ltd,China,Asia Pacific,39.676326,118.427914,,23.5
P100000120122,Tangshan Delong Iron and Steel Co Ltd,Tangshan DELONG Steel Co Ltd,China,Asia Pacific,39.19256,118.899533,,23.67
P100000120146,Tangshan Donghai Iron and Steel Group Co Ltd,Tangshan Donghai Iron and Steel Group Co Ltd,China,Asia Pacific,39.748373,118.624794,5499.0,23.0
P100000120108,Tangshan Donghua Iron and Steel Enterprise Group Co Ltd,Tangshan Donghua Iron & Steel Enterprise Group Co Ltd,China,Asia Pacific,39.468366,118.256774,4750.0,17.0
P100000120128,Tangshan Fengnan District Jing an Iron and Steel Co Ltd,Tangshan Fengnan District Jing'an Iron and Steel Co Ltd,China,Asia Pacific,39.600956,118.358726,2000.0,24.0
P100000120143,Tangshan Fengnan Kaiheng Iron and Steel Co Ltd,Tangshan Fengnan Kaiheng Iron & Steel Co Ltd,China,Asia Pacific,39.4632,118.247191,,21.0
P100000120118,Tangshan Ganglu Iron and Steel Co Ltd,Tangshan Ganglu Iron & Steel Co Ltd,China,Asia Pacific,40.183913,118.073913,5614.0,24.0
P100000120379,Tangshan Guotang Steel Co Ltd,Tangshan Guotang Steel Co Ltd,China,Asia Pacific,39.293147,119.046972,3000.0,4.0
P100000120144,Tangshan Guoyi Special Type Iron and Steel Co Ltd,Tangshan GUOYI SPECIAL Steel Co Ltd,China,Asia Pacific,39.659153,118.411488,,16.0
P100000120101,Tangshan Iron and Steel Group Co Ltd,TANG Shan Iron and Steel Group Co Ltd,China,Asia Pacific,39.648587,118.212487,,77.0
P100000121159,Tangshan Iron and Steel Kim Chaek plant,Tanshan Iron and Steel,North Korea,Asia Pacific,40.67524,129.201745,,
P100000120124,Tangshan Jianlong Special Steel Co Ltd,Tangshan Jianlong Steel SPECIAL Steel Co Ltd,China,Asia Pacific,40.167686,117.964004,,20.0
P100000120141,Tangshan Jinma Steel Group Co Ltd,Tangshan Jinma Iron & Steel Group Co Ltd,China,Asia Pacific,39.700499,118.456775,,12.0
P100000120127,Tangshan Medium Thick Plate Co Ltd,Tangshan Heavy Plate Co Ltd,China,Asia Pacific,39.268452,119.024819,4200.0,20.0
P100000120109,Tangshan Ruifeng Iron and Steel Group Co Ltd,Tangshan RUIFENG Steel and Iron (GROUP) Co Ltd,China,Asia Pacific,39.497472,118.272056,4500.0,24.0
P100001063916,Tangshan Shoutang Baosheng Functional Materials Co Ltd,Tangshan Shoutang Baosheng Functional Materials Co Ltd,China,Asia Pacific,39.751793,118.490004,860.0,19.19
P100000120112,Tangshan Songting Iron and Steel Co Ltd,Tangshan Songting IRON&STEEL Co Ltd,China,Asia Pacific,39.938866,118.576678,5000.0,57.0
P100000121141,Tangshan Stainless Steel Co Ltd,Tangshan Stainless Steel Co Ltd,China,Asia Pacific,39.160401,118.429806,,
P100000120126,Tangshan Stainless Steel Co Ltd Guye District,Tangshan Stainless Steel Co Ltd,China,Asia Pacific,39.730795,118.467608,,23.0
P100000120148,Tangshan Wenfeng Special Steel Co Ltd,Tangshan Wenfeng Special Steel Co Ltd,China,Asia Pacific,39.146541,118.432261,2000.0,18.47
P100000120139,Tangshan Xinbaotai Iron and Steel Co Ltd,Tangshan Xinbaotai Iron & Steel Co Ltd,China,Asia Pacific,39.861425,118.03667,,19.0
P100000120140,Tangshan Xinglong Iron and Steel Co Ltd,Tangshan Xinglong Steel Co Ltd,China,Asia Pacific,39.847612,118.348448,825.0,25.0
P100000120341,Tangshan Yutian Jinzhou Industrial Co Ltd,Tangshan Yutian Jinzhou Industry Co Ltd,China,Asia Pacific,39.967373,117.857659,700.0,15.0
P100000120342,Tangshan Zhengfeng Steel Co Ltd,Tangshan Zhengfeng Steel Co Ltd,China,Asia Pacific,39.85271,118.181279,2439.0,22.0
P100000120546,Tata Metaliks Kharagpur steel plant,Tata Metaliks Ltd,India,Asia Pacific,22.385611,87.287179,0.0,36.0
P100000120862,Tata Steel Chonburi steel plant,Tata Steel (Thailand) PCL,Thailand,Asia Pacific,13.052398,101.086795,800.0,38.0
P100000120535,Tata Steel Gamharia steel plant,Tata Steel Ltd,India,Asia Pacific,22.812895,86.084022,1200.0,55.0
P100000120758,Tata Steel IJmuiden steel plant,Tata Steel Ijmuiden BV,Netherlands,Europe,52.484118,4.615584,,108.0
P100000120529,Tata Steel Jamshedpur steel plant,Tata Steel Ltd,India,Asia Pacific,22.788598,86.1996,11000.0,114.0
P100000120852,Tata Steel Jurong steel plant,Tata Steel Ltd,Singapore,Asia Pacific,1.306741,103.7003,750.0,65.0
P100000120530,Tata Steel Kalinganagar steel plant,Tata Steel Ltd,India,Asia Pacific,20.970411,86.015211,8000.0,10.0
P100000120576,Tata Steel Ludhiana steel plant,Tata Steel Ltd,India,Asia Pacific,30.946888,75.987521,,
P100000120511,Tata Steel Meramandali steel plant,Tata Steel Ltd,India,Asia Pacific,20.796053,85.260382,5510.0,19.0
P100000120482,Tata Steel Port Talbot steel plant,Tata Steel UK Ltd,United Kingdom,Europe,51.577368,-3.783013,,121.0
P100000120863,Tata Steel Rayong steel plant,Tata Steel (Thailand) PCL,Thailand,Asia Pacific,12.677582,101.149401,550.0,37.0
P100000121002,Tebinbulak mining and smelting complex,Triangul Metals Tebinbulak JSC,Uzbekistan,Eurasia,42.1780016,60.4038997,,
P100001063272,TEDA Delong Saudi Arabia steel plant,Tianjin Teda Investment Holdings Co Ltd; DELONG Steel Ltd,Saudi Arabia,Middle East,25.0,45.0,,
P100000120918,Tembo Steels Iganga plant,Tembo Steels Uganda Ltd,Uganda,Africa,0.611975,33.457629,600.0,4.0
P100000120625,Tenaris Dalmine steel plant,Dalmine SpA,Italy,Europe,45.641516,9.600242,700.0,117.0
P100000121242,Tenaris Silcotub Calarasi steel mill,S.C. Silcotub SA,Romania,Europe,44.217275,27.29968,535.0,22.0
P100000120731,Tenaris TAMSA Veracruz steel plant,Tubos de Acero de Mexico SA,Mexico,North America,19.182499,-96.237284,1230.0,72.0
P100000120007,TenarisSiderca Campana steel plant,Siderca SAIC,Argentina,Central & South America,-34.152554,-58.977388,1720.0,65.57
P100000120734,Ternium Apodaca steel plant,Ternium México SA de CV,Mexico,North America,25.742085,-100.236478,600.0,33.0
P100000120038,Ternium Brasil Santa Cruz steel plant,Ternium Brasil Ltda,Brazil,Central & South America,-22.912549,-43.741614,5200.0,16.0
P100000120729,Ternium Guerrero San Nicolás de los Garza steel plant,Ternium México SA de CV,Mexico,North America,25.720327,-100.301175,2400.0,83.0
P100000121053,Ternium Pesquería steel plant,Ternium México SA de CV,Mexico,North America,25.743837,-99.965278,,0.0
P100000120728,Ternium Puebla steel plant,Ternium México SA de CV,Mexico,North America,19.169532,-98.318659,1330.0,57.0
P100000120008,Ternium Siderar San Nicolás steel plant,Ternium Argentina SA,Argentina,Central & South America,-33.37365,-60.138697,3501.0,66.0
P100000120752,Tete Steel Maputo plant,Baobab Steel Ltd,Mozambique,Africa,-15.724345,33.762664,,
P100000121025,Thai Nguyen Iron and Steel plant,Thai Nguyen Iron And Steel JSC,Vietnam,Asia Pacific,21.557484,105.8728,300.0,63.0
P100000120030,Thy Marcinelle Charleroi steel plant,Thy-Marcinelle SA,Belgium,Europe,50.410335,4.429693,800.0,37.0
P100000120421,ThyssenKrupp Steel Duisburg steel plant,Thyssenkrupp Steel Europe AG,Germany,Europe,51.491649,6.733051,,135.0
P100000120281,Tianjin Iron and Steel Group Co Ltd,Tianjin Iron and Steel Group Co Ltd,China,Asia Pacific,39.031083,117.499246,6650.0,91.0
P100000120280,Tianjin Iron Plant,Tianjin Iron PLANT Co Ltd,China,Asia Pacific,36.58967,113.745792,4870.0,57.0
P100000120287,Tianjin Metallurgy Group Zhasan Steel Co Ltd,Tianjin Metallurgy Group Zhasan Steel Co Ltd,China,Asia Pacific,38.825269,117.08849,,11.3
P100000120284,Tianjin New Tiangang United Special Steel Co Ltd,Tianjin Tiangang UNITED SPECIAL Steel Co Ltd,China,Asia Pacific,39.300258,117.800231,4500.0,16.66
P100000120282,Tianjin Pipe Corporation,Tianjin Pipe Corp,China,Asia Pacific,39.034002,117.486798,3000.0,15.2
P100000120283,Tianjin Rockcheck Steel Group Co Ltd,Rockcheck Steel Group Co Ltd,China,Asia Pacific,38.970638,117.495794,3250.0,23.08
P100001023535,Tianjin Rongcheng Group Tangshan Fengrun Special Steel Co Ltd,Tianjin Rongcheng Group Tangshan Special Steel Co Ltd; Tangshan Zhengfeng Steel Co Ltd,China,Asia Pacific,39.85271,118.181279,,2.2
P100000121081,Tianjin Rongcheng Group Tangshan Special Steel Co Ltd,Tianjin Rongcheng Group Tangshan Special Steel Co Ltd,China,Asia Pacific,39.551552,118.137993,,21.0
P100000120285,Tianjin Tianfeng Steel Co Ltd,Tianjin Tianfeng Steel Co Ltd,China,Asia Pacific,38.832642,117.102765,,19.12
P100000120288,Tianjin Tianzhong Giant Heavy Industry Co Ltd,Tianjin Tianzhong Giant Heavy Industry Co Ltd,China,Asia Pacific,39.501442,118.719554,,20.51
P100000120815,TMK Seversky Pipe plant,Severskiy Trubnyi Zavod JSC,Russia,Eurasia,56.478428,60.249411,950.0,287.0
P100000120816,TMK Taganrog Metallurgical Plant,Taganrogskiy Metallurgicheskiy Zavod JSC,Russia,Eurasia,47.241557,38.928584,950.0,130.0
P100000120668,Tokyo Steel Kyushu plant,Tokyo Steel Manufacturing Co Ltd,Japan,Asia Pacific,33.881431,130.755978,678.0,54.3
P100000120669,Tokyo Steel Okayama plant,Tokyo Steel Manufacturing Co Ltd,Japan,Asia Pacific,34.515062,133.745525,708.0,63.39
P100000120670,Tokyo Steel Tahara plant,Tokyo Steel Manufacturing Co Ltd,Japan,Asia Pacific,34.702012,137.249114,2600.0,15.72
P100000120671,Tokyo Steel Utsunomiya plant,Tokyo Steel Manufacturing Co Ltd,Japan,Asia Pacific,36.540425,139.993079,800.0,30.3
P100000120216,Tonghua Iron and Steel Co Ltd,Tonghua Iron & Steel Co Ltd,China,Asia Pacific,41.779125,126.022349,4590.0,19.53
P100000120072,Tongling Fuxin Iron and Steel Co Ltd,Tongling Fuxin Iron & Steel Co Ltd,China,Asia Pacific,30.907561,117.772866,1350.0,56.0
P100000120356,Tongling Xuanli Special Steel Co Ltd,Tongling City Xuanli Special Steel Co Ltd,China,Asia Pacific,31.062807,117.956015,2700.0,17.0
P100000121137,Tongshan Liguo Iron and Steel Co Ltd,Tongshan Liguo Iron and Steel Co Ltd,China,Asia Pacific,34.55486,117.327039,,19.58
P100000120672,Topy Industries Toyohashi steel plant,Topy Industries Ltd,Japan,Asia Pacific,34.719644,137.322259,960.0,68.0
P100000120616,Torbat Heydarieh Khorasan Steel Complex,Torbat Heydarieh Steel Co,Iran,Middle East,35.594882,59.205984,1450.0,1.0
P100000120886,Toscelik Iskenderun steel plant,Toscelik Profil ve Sac Endustrisi AS,Türkiye,Europe,36.687943,36.214871,4000.0,3.0
P100000120885,Toscelik Toprakkale steel plant,Toscelik Profil ve Sac Endustrisi AS,Türkiye,Europe,37.016956,36.10911,2000.0,17.0
P100000120441,Tosyali Algerie Oran steel plant,Tosyali Ironsteel Industry Algerie SpA,Algeria,Africa,35.770912,-0.263031,6200.0,13.0
P100000121212,Tosyali Ras Al Khair steel plant,Tosyalı Holding AŞ,Saudi Arabia,Middle East,27.544525,49.205538,,
P100001042927,Tosyali Sonangol Kassinga Iron and Steel plant,Tosyali Iron and Steel Angola SA; Sonangol EP,Angola,Africa,-15.263743,16.065494,,
P100000120889,Tosyali Toprakkale steel plant,Tosyalı Holding AŞ,Türkiye,Europe,37.016498,36.095126,,16.0
P100001023430,Tosyali-SULB Benghazi steel plant,Tosyali Sulb Steel Industries Joint Company,Libya,Africa,32.1818,20.124361,,
P100000120896,TT Iron and Steel Point Lisas steel plant,TT Iron Steel Company Ltd,Trinidad and Tobago,Central & South America,10.403605,-61.482939,,46.0
P100000120904,Tung Ho Steel Kaohsiung plant,Tung Ho Steel Enterprise Corp,Taiwan,Asia Pacific,22.563095,120.362654,700.0,52.0
P100000120903,Tung Ho Steel Miaoli plant,Tung Ho Steel Enterprise Corp,Taiwan,Asia Pacific,24.568401,120.74062,1200.0,35.0
P100000121014,Tung Ho Steel Phu My plant,Tung Ho Steel Vietnam Corp Ltd,Vietnam,Asia Pacific,10.551445,107.04368,1000.0,19.0
P100000120902,Tung Ho Steel Taoyuan plant,Tung Ho Steel Enterprise Corp,Taiwan,Asia Pacific,25.067119,121.141176,1000.0,39.0
P100001045582,Tuyen Quang Iron and Steel Long Binh steel plant,Tuyen Quang Iron Steel Co Ltd,Vietnam,Asia Pacific,21.738739,105.247545,550.0,12.1
P100000121204,TY Steel Rayong plant,TY Steel Co Ltd,Thailand,Asia Pacific,12.857307,101.21314,600.0,9.0
P100000120732,TYASA steel plant,Talleres y Aceros SA de CV,Mexico,North America,18.869272,-97.047263,1650.0,33.0
P100000120814,Tyumen Electrosteel plant,UMK-Stal LLC,Russia,Eurasia,57.109316,65.668641,664.0,12.0
P100000120419,TZMS Třinecké železárny Trinec steel plant,TRINECKÉ ZELEZÁRNY AS,Czech Republic,Europe,49.689053,18.654557,1500.0,187.0
P100000120854,U. S. Steel Košice steel plant,US Steel Košice sro,Slovakia,Europe,48.612001,21.191401,4500.0,61.0
P100000120928,U.S. Steel Big River Steel plant,Big River Steel LLC,United States,North America,35.644264,-89.941659,6022.0,10.0
P100001061239,U.S. Steel EAF plant,United States Steel Corp,United States,North America,38.7946,-106.5348,,
P100000120964,U.S. Steel Edgar Thomson Plant,United States Steel Corp,United States,North America,40.39514,-79.859645,2600.0,151.0
P100000120965,U.S. Steel Fairfield plant,United States Steel Corp,United States,North America,33.480697,-86.937854,1600.0,6.0
P100000120966,U.S. Steel Gary Works,United States Steel Corp,United States,North America,41.620799,-87.348266,7800.0,118.0
P100000120968,U.S. Steel Granite City Works,United States Steel Corp,United States,North America,38.695049,-90.136073,1350.0,131.0
P100000120967,U.S. Steel Great Lakes Works,United States Steel Corp,United States,North America,42.263181,-83.121553,,124.0
P100000120797,UMB Hunedoara steel plant,UMB Steel SRL,Romania,Europe,45.735183,22.91627,,141.0
P100000120866,UMC Metals Chon Buri steel plant,UMC Metals Ltd,Thailand,Asia Pacific,13.275832,100.969791,805.0,32.0
P100000120709,United Steel Industrial Kuwait Steel Sharq plant,United Steel Industries Co KSCC,Kuwait,Middle East,28.989306,48.128118,1200.0,19.0
P100001042855,Unitex Steel Mills Feni steel plant,Unitex Steel Mills Ltd,Bangladesh,Asia Pacific,22.945182,91.512387,,
P100000121230,Univers Acier Sidi Hajjaj steel plant,Univers Acier,Morocco,Africa,33.501604,-7.467891,720.0,16.0
P100000120819,Ural Steel Metallurgical Plant,Uralskaya Stal JSC,Russia,Eurasia,51.214781,58.353913,2050.0,71.0
P100000120037,Usiminas Cubatão steel plant,Usinas Siderurgicas de Minas Gerais SA,Brazil,Central & South America,-23.863092,-46.376294,,63.0
P100000120043,Usiminas Ipatinga steel plant,Usinas Siderurgicas de Minas Gerais SA,Brazil,Central & South America,-19.491277,-42.544253,5000.0,64.0
P100001045064,Ussuri Capital Romania steel plant,Ussuri Capital,Romania,Europe,44.133338,28.64001,,
P100000121194,Uttam Galva Ferrous Bellary steel plant,Uttam Galva Ferous Ltd,India,Asia Pacific,15.184613,76.824905,,
P100000121001,Uzmetkombinat steel plant,Uzbekskiy Metallurgicheskiy Kombinat JSC,Uzbekistan,Eurasia,40.233432,69.290873,1100.0,82.0
P100000121175,Vale Tecnored Marabá iron plant,Vale SA,Brazil,Central & South America,-5.408654,-49.103539,,1.0
P100000120044,Vallourec Jeceaba steel plant,Vallourec Soluções Tubulares do Brasil SA,Brazil,Central & South America,-20.582683,-43.971555,1000.0,15.0
P100000120974,Vallourec Star Youngstown steel plant,Vallourec Star LP,United States,North America,41.125495,-80.683382,725.0,41.0
P100000120759,Van Merksteijn International steel plant,Van Merksteijn International BV,Netherlands,Europe,53.440581,6.844773,,
P100000120579,Van Steel Kurdistan plant,Van Company for Industrial Investment and General Trading,Iraq,Middle East,36.09176,43.97415,750.0,4.0
P100001054309,Vardhman Special Steels Ludhiana steel plant,Vardhman Special Steels Limited,India,Asia Pacific,30.890103,75.908673,,
P100000121017,VAS An Hung Tuong Steel Binh Duong plant,VAS Steel An Hung Tuong LLC,Vietnam,Asia Pacific,11.054204,106.615962,500.0,38.0
P100000121016,VAS Nghi Son Cast Iron and Steel plant,Nghi Son VAS Group JSC,Vietnam,Asia Pacific,19.326924,105.777449,3150.0,8.0
P100000121018,VAS Tue Minh Steel Binh Duong plant,VAS Steel Tue Minh JSC,Vietnam,Asia Pacific,11.113343,106.831064,500.0,10.0
P100000121205,Vedanta Sesa Goa Pig Iron Plant,Vedanta Iron and Steel Ltd,India,Asia Pacific,15.526866,73.986671,0.0,34.0
P100001061390,Vertra Celik Sarımazı steel plant,Vertra Steel Industry and Trade Corp,Türkiye,Europe,36.945926,36.001643,800.0,0.38
P100000120054,Viena Açailândia iron works,Andrade Valladares Engenharia e Construcao Ltda,Brazil,Central & South America,-4.887877,-47.392157,0.0,38.0
P100001045591,Viet Nhat VJS Nam Cau Kien steel plant,Viet Nhat Advanced Steel JSC,Vietnam,Asia Pacific,20.90553,106.628701,500.0,16.0
P100001045592,Vietnam Italy Steel Pho Noi steel plant,Vietnam - Italy Steel JSC,Vietnam,Asia Pacific,20.946428,106.025454,552.0,24.0
P100000121023,Vina Kyoei Steel Phu My plant,Vina Kyoei Steel Ltd Co,Vietnam,Asia Pacific,10.601423,107.040679,1000.0,30.14
P100001045578,Vina One Steel Ben Luc steel plant,Vina One Steel Manufacturing Corp,Vietnam,Asia Pacific,10.636835,106.517595,1200.0,19.0
P100000121201,Vina Roma Quang Tri steel plant,Vina Roma Quang Tri Steel JSC,Vietnam,Asia Pacific,16.756559,107.329547,,
P100001080248,VinMetal Ha Tinh steel plant,VinMetal Joint Stock Company JSC,Vietnam,Asia Pacific,18.353226,105.903042,,
P100000120820,VMK Red October steel plant,Krasnyi Oktyabr' Corporation JSC,Russia,Eurasia,48.754025,44.561004,501.0,128.0
P100000121021,VNSteel Southern Steel Phu My plant,VNSTEEL Southern Steel Co Ltd,Vietnam,Asia Pacific,10.576597,107.028995,550.0,21.0
P100000120011,Voestalpine Stahl Donawitz steel plant,Voestalpine Stahl Donawitz GmbH,Austria,Europe,47.380455,15.065182,720.0,148.0
P100000120010,Voestalpine Stahl Linz steel plant,Voestalpine Stahl GmbH,Austria,Europe,48.274023,14.33434,4000.0,86.0
P100000120824,Volzhsky Pipe Plant,Volzhskiy Trubnyi Zavod JSC,Russia,Eurasia,48.804332,44.79408,900.0,56.0
P100000121200,Vulcan Green Steel Nigeria plant,Vulcan Green Steel LLC,Nigeria,Africa,9.082,8.6753,,
P100001082548,Walsin Lihwa Tainan stainless steel plant,Walsin Lihwa Corp,Taiwan,Asia Pacific,23.295835858147463,120.24399172517494,1000.0,33.0
P100000120791,Weglokoks Ruda Slaska steel plant,Weglokoks Stal SP zoo,Poland,Europe,50.289858,18.874414,,
P100000120244,Weifang Special Steel Group Co Ltd,Weifang SPECIAL Steel Group Co Ltd,China,Asia Pacific,36.644469,119.238427,,32.28
P100001064114,Weining Hengchang Furnace Charge & Casting Co Ltd,Weining Hengchang Furnace Charge & Casting Co Ltd,China,Asia Pacific,26.783556,104.394517,0.0,21.69
P100000120541,Welspun Metallics Anjar Steel plant,Welspun Corp Ltd,India,Asia Pacific,23.112781,70.0866885,288.0,22.0
P100000120591,West Alborz Ana Steel Zanjan plant,West Alborz Steel Co,Iran,Middle East,36.119574,49.306253,1600.0,21.0
P100000120296,WISCO Group Kunming Steel Co Ltd Anning Branch,WISCO Group Kunming Steel Co Ltd,China,Asia Pacific,24.947687,102.367394,,9.71
P100000120297,WISCO Group Kunming Steel Co Ltd Honghe Iron and Steel Company,Honghe Iron and Steel Co Ltd,China,Asia Pacific,23.470733,103.272784,,17.92
P100000120299,WISCO Group Kunming Steel Co Ltd New District Branch,WISCO Group Kunming Steel Co Ltd,China,Asia Pacific,24.953261,102.378082,0.0,13.83
P100000120298,WISCO Group Kunming Steel Co Ltd Yuxi Xinxing Steel Company,Yuxi Xinxing Iron & Steel Co Ltd,China,Asia Pacific,24.249024,102.521747,,22.06
P100000121069,WISCO Group Xiangyang Heavy Equipment Materials Co Ltd,WISCO Group Xiangyang Heavy Equipment MATERIALS Co Ltd,China,Asia Pacific,32.10704,112.235621,,27.0
P100000120134,Wu an Mingfang Iron and Steel Co Ltd,Wuan Mingfang Iron & Steel Co Ltd,China,Asia Pacific,36.710754,114.207855,,37.0
P100000120114,Wu an Yuhua Iron and Steel Co Ltd,Wuan Yuhua Steel Co Ltd,China,Asia Pacific,36.731752,114.098377,,38.0
P100000121085,Wu'an Yongcheng Zhuye Co Ltd,Wu'an Yongcheng Zhuye Co Ltd,China,Asia Pacific,36.660278,113.993995,,19.0
P100000120357,Wugang Zhongjia Iron and Steel Co Ltd,Wugang Zhongjia Iron & Steel Co Ltd,China,Asia Pacific,33.29175,113.458011,0.0,24.0
P100000120340,Wuhai Baogang Wanteng Iron and Steel Co Ltd,Wuhai Baogang Wanteng Iron and Steel Co Ltd,China,Asia Pacific,39.855971,106.886647,2000.0,15.0
P100000120171,Wuhan Iron and Steel Co Ltd,Wuhan Iron and Steel Co Ltd,China,Asia Pacific,30.616222,114.444975,15907.0,67.44
P100000121210,Wuhan Iron and Steel Jombang plant,Wuhan Iron and Steel Co Ltd,Indonesia,Asia Pacific,-7.559913,112.266325,,
P100000120174,Wuhan Shunle Stainless Steel Co Ltd,Wuhan Shunle Stainless Steel Co Ltd,China,Asia Pacific,30.394434,114.257701,,27.0
P100000120073,Wuhu Fuxin Iron and Steel Co Ltd,Wuhu Fuxin Iron & Steel Co Ltd,China,Asia Pacific,31.194505,118.067833,2000.0,23.0
P100000120068,Wuhu Xinxing Ductile Iron Pipes Co Ltd,Wuhu Xinxing Ductile Iron Pipes Co Ltd,China,Asia Pacific,31.229893,118.150867,2000.0,23.0
P100000120354,Wulanhot Steel Co Ltd,Wulanhot Iron & Steel Co Ltd,China,Asia Pacific,46.055685,122.063282,1350.0,26.64
P100000120204,Wuxi Xinsanzhou Steel Co Ltd,Wuxi Xinsanzhou Special Steel Co Ltd,China,Asia Pacific,31.681005,120.251785,,39.84
P100000120161,Wuyang Iron and Steel Co Ltd,Wuyang Iron and Steel Co Ltd,China,Asia Pacific,33.287536,113.474328,5040.0,56.0
P100000120365,Wuzhou Yongda Iron and Steel Co Ltd,Wuzhou Yongda Steel Works Co Ltd,China,Asia Pacific,23.524465,111.2402,,17.0
P100000120366,Wuzhou Yongda Special Steel Co Ltd,Wuzhou Yongda Special Steel Co Ltd,China,Asia Pacific,23.520307,111.229981,1000.0,15.0
P100000120263,Xiangfen County Xingyuan Steel Group Co Ltd,Xiangfen County Xingyuan Steel Group Co Ltd,China,Asia Pacific,35.880324,111.387956,,20.2
P100000120272,Xiangfen County Xinjinshan Special Steel Co Ltd,Xiangfen County XinJinShan Special Steel Co Ltd,China,Asia Pacific,35.934831,111.49707,,23.06
P100000120551,Xindia Steels Koppal plant,Xindia Steels Ltd,India,Asia Pacific,15.293421,76.234947,,
P100000120116,Xingtai Iron and Steel Co Ltd,Xingtai Iron and Steel Co Ltd,China,Asia Pacific,37.041601,114.452352,,68.0
P100000121135,Xingtai Iron and Steel Co Ltd Weixian,Xingtai Iron and Steel Co Ltd,China,Asia Pacific,37.032089,115.366112,,
P100000120233,Xining Special Steel Co Ltd,Xining Special Steel Co Ltd,China,Asia Pacific,36.66856,101.671414,2040.0,28.37
P100000120155,Xinji Aosen Iron and Steel Group Co Ltd,Xinji AOSEN Steel Group Co Ltd,China,Asia Pacific,37.752351,115.184798,3600.0,24.0
P100000120295,Xinjiang Daan Special Steel Co Ltd,Xinjiang Da'an Special Steel Co Ltd,China,Asia Pacific,42.700465,93.542466,1000.0,14.86
P100001023534,Xinjiang Ka Steel Group Co,Xinjiang Ka Steel Group Co,China,Asia Pacific,39.142997,76.161589,1000.0,4.25
P100000120290,Xinjiang Kingtec Steel Co Ltd,Xinjiang KingTec Steel Co Ltd,China,Asia Pacific,42.674192,86.280156,1334.0,22.28
P100000120292,Xinjiang Kunyu Iron and Steel Co Ltd,Xinjiang Kunyu Lron & Steel Co Ltd,China,Asia Pacific,44.404189,84.966753,,14.72
P100000120410,Xinjiang Minxin Iron and Steel Group Minhang Special Steel Co Ltd,Xinjiang Minxin Iron and Steel (Group) Minhang Special Steel Co Ltd,China,Asia Pacific,44.080866,88.417209,1110.0,14.79
P100000120291,Xinjiang Tianshan Iron and Steel Bazhou Co Ltd,Xinxing Ductile Iron Pipes Xinjiang Co Ltd,China,Asia Pacific,42.333321,86.302481,2000.0,15.46
P100000120294,Xinjiang Xinan Special Steel Co Ltd,Xinjiang Xin'an Special Steel Co Ltd,China,Asia Pacific,44.290299,86.595826,400.0,14.3
P100000120293,Xinjiang Yili Iron and Steel Co Ltd,Xinjiang Yili Iron and Steel Co Ltd,China,Asia Pacific,43.526808,83.294323,1000.0,68.0
P100000120214,Xinyu Iron and Steel Group Co Ltd,Xinyu Iron & Steel Corp Ltd,China,Asia Pacific,27.786859,114.921595,11001.0,68.0
P100000120242,Xiwang Metal Science Technology Co Ltd,Xiwang METAL Science Technology Co Ltd,China,Asia Pacific,36.928208,117.694654,,14.01
P100000121037,Xuan Thien Nam Dinh steel plant,Xuan Thien Group JSC,Vietnam,Asia Pacific,20.439025,106.162134,,
P100000121036,Xuan Thien Nghia Hung steel plant,Xuan Thien Group JSC,Vietnam,Asia Pacific,20.037805,106.127689,,
P100000120104,Xuanhua Iron and Steel Group Co Ltd,Xuanhua Iron and Steel Group Co Ltd,China,Asia Pacific,40.589591,115.090889,,102.0
P100000120200,Xuzhou Baofeng Special Steel Co Ltd,Xuzhou Baofeng Special Steel Co Ltd,China,Asia Pacific,34.364872,117.322633,,11.94
P100000120381,Xuzhou Jinhong Iron and Steel Group Co Ltd,Xuzhou Jinhong Iron and Steel Group Co Ltd,China,Asia Pacific,34.500122,116.908897,1000.0,25.58
P100000120208,Xuzhou Taifa Special Steel Group Co Ltd,Xuzhou TaiFa Special Steel Technology Co Ltd,China,Asia Pacific,34.448514,117.271876,,16.0
P100000120673,Yamato Steel Himeji Plant,Yamato Steel Co Ltd,Japan,Asia Pacific,34.783319,134.604616,700.0,65.0
P100000120310,Yancheng Lianxin Iron and Steel Co Ltd,Yancheng Lianxin Steel Co Ltd,China,Asia Pacific,33.211332,120.774892,2410.0,68.0
P100000120088,Yangchun New Steel Co Ltd,Yangchun New Iron & Steel Co Ltd,China,Asia Pacific,22.084904,111.642187,2400.0,19.0
P100000121048,Yangzhou Hengrun Ocean Heavy Industry Co Ltd,Yangzhou Hengrun Ocean Heavy Industry Co Ltd,China,Asia Pacific,32.249602,119.620438,3300.0,13.36
P100000120203,Yangzhou Qinyou Special Metal Materials Co Ltd,Yangzhou Qinyou Special Metal Materials Co Ltd,China,Asia Pacific,32.838703,119.425236,2400.0,24.7
P100000120253,Yantai Walsin Stainless Steel Co Ltd,Yantai Walsin Stainless Steel Co Ltd,China,Asia Pacific,37.548627,121.277488,1400.0,18.92
P100000121032,Yazdani Steel and Power Kalinganagar steel plant,Yazdani Steel and Power Ltd,India,Asia Pacific,20.928285,86.036604,110.0,23.0
P100000120887,Yazici Iron and Steel Iskenderun plant,Yazici Demir Celik Sanayi ve Turizm Ticaret AŞ,Türkiye,Europe,36.685932,36.206275,1050.0,32.0
P100000120912,Yenakiieve Metallurgical Plant,Yenakiieve Metallurgical Plant Branch PJSC,Ukraine,Europe,48.220502,38.228626,2200.0,131.0
P100000120888,Yesilyurt Iron and Steel Tekkekoy plant,Yesilyurt Demir Celik Endustri Ve Liman Isletmeleri AŞ,Türkiye,Europe,41.241199,36.442055,1300.0,29.0
P100000121075,Yichang Fulong Iron and Steel Co Ltd,Yichang Fulong Iron & Steel Co Ltd,China,Asia Pacific,30.586332,111.398846,,
P100000120900,Yieh United Steel Kaohsiung plant,Yieh United Steel Corp,Taiwan,Asia Pacific,22.830857,120.300604,1000.0,37.22
P100000121241,Yildiz Iron and Steel Kocaeli plant,Yildizlar Yatirim Holding AŞ,Türkiye,Europe,40.870333,29.55767,,0.0
P100000120230,Yingkou Iron and Steel Co Ltd,Yingkou Iron & Steel Co Ltd,China,Asia Pacific,40.664651,122.415057,2800.0,15.23
P100000120703,YK Steel Busan plant,YK Steel Corp,South Korea,Asia Pacific,35.083819,128.989034,930.0,61.0
P100000121033,YK Steel Dangjin plant,YK Steel Corp,South Korea,Asia Pacific,36.918106,126.643606,,
P100000120301,Yunnan Desheng Iron and Steel Co Ltd,Yunnan Desheng Steel Co Ltd,China,Asia Pacific,25.142516,102.077727,1350.0,25.47
P100000120353,Yunnan Jingye Steel Co Ltd,Yunnan Jingye Steel Co,China,Asia Pacific,25.023852,102.312086,,2.5
P100001063458,Yunnan Muguang Industry and Trade Co Ltd,Yunnan Muguang Industry and Trade Co Ltd,China,Asia Pacific,24.077079,102.771634,850.0,12.3
P100001063508,Yunnan Qujing Iron & Steel Group Yue Steel Iron & Steel Co Ltd,Yunnan Qujing Iron & Steel Group Yue Steel Iron & Steel Co Ltd,China,Asia Pacific,25.304544,103.889418,,56.0
P100000120302,Yunnan Qujing Iron and Steel Group Chenggang Iron and Steel Co Ltd,Yunnan Qujing Iron and Steel Group Chenggang Iron and Steel Co Ltd,China,Asia Pacific,25.45543,103.547242,2600.0,12.5
P100000120303,Yunnan Qujing Iron and Steel Group Fenghuang Steel Co Ltd,Yunnan Qujing Iron and Steel Group Co Ltd,China,Asia Pacific,26.275342,104.168311,1400.0,12.55
P100000120407,Yunnan Qujing Iron and Steel Group Yanggang Iron and Steel Co Ltd,Yunnan Qujing Iron and Steel Group Yanggang Iron and Steel Co Ltd,China,Asia Pacific,25.308777,103.876391,,4.89
P100001061536,Yunnan Qujing Shuangyou Iron and Steel Co Ltd,Yunnan Qujing Shuangyou Iron and Steel Co Ltd,China,Asia Pacific,25.54218,103.781041,,14.0
P100000120352,Yunnan Tiangao Nickel Alloy Co Ltd,YunNan Province Tiangao Nickel Alloy Co Ltd,China,Asia Pacific,24.80128,104.063455,500.0,16.16
P100000120300,Yunnan Yuxi Iron and Steel Group Yukun Iron and Steel Co Ltd,Yunnan Yuxi Iron and Steel Group Yukun Iron and Steel Co Ltd,China,Asia Pacific,24.465884,102.543682,7042.0,12.09
P100000120321,Yunnan Yuxi Xianfu Iron and Steel Group Co Ltd,Yunnan Yuxi Xianfu Iron and Steel (Group) Co Ltd,China,Asia Pacific,24.012309,102.186364,2980.0,24.53
P100001061571,Yuxi Huixi Metal Casting Products Co Ltd,Yuxi Huixi Metal Casting Products Co Ltd,China,Asia Pacific,24.360481,102.481118,850.0,19.71
P100001063460,Yuxi Iron and Steel Group Zhenfei Iron and Steel Co Ltd,Yuxi Iron and Steel Group Zhenfei Iron and Steel Co Ltd,China,Asia Pacific,24.074756,102.765983,,6.46
P100000120908,Yuzovsky Metallurgical Plant,SUE DPR UMP,Ukraine,Europe,47.982276,37.810634,1000.0,27.0
P100000120588,Zarand Iranian Steel Company Kerman plant,Zarand Iranian Steel Co,Iran,Middle East,30.749633,56.6675096,1500.0,6.0
P100000120193,Zenith Steel Group Co Ltd,Zenith Steel Group Co Ltd,China,Asia Pacific,31.707656,120.079591,3700.0,24.39
P100000120332,Zenith Steel Group Nantong Co Ltd,Zenith Steel Group (Nantong) Co Ltd,China,Asia Pacific,32.133954,121.513173,5850.0,4.0
P100000121084,Zhejiang Tsingshan Iron and Steel Co Ltd,Zhejiang TSINGSHAN IRON&STEEL Co Ltd,China,Asia Pacific,28.136096,120.380401,500.0,21.8
P100000120408,Zhejiang Wantai Special Steel Co Ltd,Zhejiang Wantai Special Steel Co Ltd,China,Asia Pacific,30.944342,120.971803,1200.0,22.54
P100000120404,Zhejiang Yuxin Industrial Co Ltd,Zhejiang Yuxin Industrial Co Ltd,China,Asia Pacific,28.787202,120.248592,1100.0,25.24
P100000121068,Zhengzhou Yongtong Special Steel Co Ltd,Zhengzhou YONGTONG SPECIAL Steel Co Ltd,China,Asia Pacific,34.64443,112.937985,,29.0
P100000121082,Zhenshi Group Eastern Special Steel Co Ltd,Zhenshi Group EASTERN SPECIAL Steel Co Ltd,China,Asia Pacific,30.720411,120.898518,,54.0
P100000120129,Zhongpu Handan Iron and Steel Co Ltd,Zhongpu (Handan) Iron and Steel Co Ltd,China,Asia Pacific,36.721376,113.910271,2250.0,23.0
P100000120209,Zhongxin Iron and Steel Group Co Ltd,Zhongxin Iron and Steel Group Co Ltd,China,Asia Pacific,34.368618,118.31556,5400.0,22.34
P100000120346,Zhongye Dongfang Jiangsu Heavy Industry Co Ltd,BERIS Jiangsu Heavy Industry Co Ltd,China,Asia Pacific,32.104319,119.792126,2000.0,16.33
P100000120086,Zhuhai Yueyufeng Iron and Steel Co Ltd,Zhuhai Yueyufeng IRON&STEEL Co Ltd,China,Asia Pacific,21.96092,113.198718,3051.0,24.0
P100000121079,Zibo Qilin Fushan Iron and Steel Co Ltd,Zibo Qilin Fushan Steel Co Ltd,China,Asia Pacific,36.887998,118.145416,,18.33
P100001063593,Zijin County Dongri Casting Co Ltd,Zijin County Dongri Foundry Co Ltd,China,Asia Pacific,23.356612,114.769565,720.0,16.0
P100000121246,Zonouz Steel Complex,Daric Investment Holding Co,Iran,Middle East,38.07231,46.213187,,
P100000120403,Zunyi Changling Special Steel Co Ltd,Zunyi Changling Special Steel Co Ltd,China,Asia Pacific,27.614947,106.949752,825.0,22.0
P100000120359,Zunyi Fuxin Special Steel Equipment Manufacturing Co Ltd,Zunyi County Fuxin Iron & Steel Product Co Ltd,China,Asia Pacific,27.591697,106.815453,,33.0
